pregunta_1,pregunta_2,pregunta_3,pregunta_4,pregunta_5,pregunta_6,pregunta_7,pregunta_8,pregunta_9,pregunta_10,pregunta_11,pregunta_12,pregunta_13,pregunta_14,pregunta_15,pregunta_16,pregunta_17,pregunta_18,pregunta_19,pregunta_20,pregunta_21,resultado,prediccion
0,2,1,1,1,0,2,1,2,0,1,1,1,1,1,2,1,2,0,2,1,23,24
2,3,2,3,3,3,2,3,2,4,2,3,2,3,2,3,2,2,4,3,4,57,58
1,0,3,2,0,2,0,2,0,2,1,0,1,2,2,2,1,1,2,1,1,26,32
1,2,0,1,1,2,1,0,2,2,0,1,2,2,1,0,2,1,1,0,3,25,27
2,4,1,3,2,3,2,2,2,1,2,1,4,2,2,2,1,3,3,2,3,47,50
3,2,3,2,3,3,2,3,2,3,3,4,2,3,3,3,3,2,3,3,3,58,57
2,2,3,3,2,2,2,4,2,1,1,2,3,1,3,1,1,4,1,3,2,45,49
2,3,4,2,2,3,3,3,2,1,4,2,3,4,3,3,2,4,2,3,3,58,53
3,4,4,3,4,3,2,3,3,4,3,3,2,3,3,3,3,4,4,3,4,68,62
2,1,2,1,1,0,0,1,0,2,2,1,0,2,1,1,0,1,2,1,0,21,26
4,3,4,4,3,4,3,4,3,3,3,4,2,3,3,2,4,3,3,4,4,70,68
3,4,4,2,4,3,3,4,4,4,2,4,4,2,3,2,3,2,3,3,3,66,62
2,3,3,1,1,2,2,0,3,0,2,1,3,2,3,3,1,3,2,1,1,39,36
3,3,4,3,3,4,2,3,3,3,2,2,3,4,3,4,3,3,3,3,2,63,62
3,3,2,1,2,2,3,1,2,4,2,3,3,3,2,2,3,3,4,2,3,53,45
3,3,4,2,3,4,2,4,3,4,2,3,3,0,2,2,3,1,4,3,4,59,62
2,3,2,1,2,2,2,2,2,2,2,4,1,1,2,2,3,3,2,3,3,46,39
1,2,1,1,2,2,0,2,1,1,0,0,2,3,2,1,1,2,1,2,0,27,28
3,3,4,4,4,4,4,2,2,3,4,4,3,3,2,4,2,2,4,3,3,67,65
2,3,1,1,0,1,0,2,0,1,1,1,2,3,1,1,1,2,2,1,1,27,29
4,4,4,3,3,3,3,3,3,2,3,2,3,3,3,4,4,4,3,4,3,68,64
3,2,2,3,0,3,1,3,1,1,2,4,2,2,1,1,3,1,1,3,2,41,44
2,2,2,1,2,1,1,1,2,2,1,1,1,0,2,3,2,0,3,3,0,32,33
2,2,1,1,2,2,0,2,2,1,2,2,1,2,1,2,1,3,2,1,3,35,30
4,3,4,4,4,4,3,3,4,3,3,3,3,4,4,2,4,2,2,4,3,70,67
1,1,2,2,1,2,2,1,0,3,2,1,1,3,2,0,0,2,3,2,1,32,39
1,3,2,1,2,1,1,0,1,1,2,3,1,0,0,2,2,2,1,0,1,27,24
1,3,4,3,3,2,3,3,2,2,3,2,4,2,2,2,3,2,1,4,3,54,43
3,2,3,3,4,2,2,3,2,3,3,1,2,4,3,4,2,2,2,3,3,56,53
3,4,3,2,3,1,3,4,1,2,4,0,3,3,3,3,4,3,1,2,3,55,50
3,3,2,1,4,1,1,2,1,2,2,3,3,2,3,2,3,3,3,1,2,47,40
4,4,4,3,4,3,4,3,4,4,4,3,4,3,3,4,2,4,3,4,3,74,65
4,4,3,2,3,3,2,3,4,3,2,4,3,2,2,2,4,4,3,4,3,64,57
0,2,0,2,1,0,2,2,1,2,2,1,1,2,1,1,1,2,3,1,1,28,30
3,4,3,3,4,3,3,4,2,2,3,3,4,3,2,4,3,4,3,4,4,68,62
1,3,4,1,3,2,3,3,2,2,3,2,0,3,2,4,1,2,0,3,2,46,36
4,3,4,3,4,3,3,3,2,2,4,4,4,4,4,3,2,3,3,2,3,67,65
2,4,2,2,3,4,0,1,3,3,3,1,2,2,3,2,1,2,2,3,2,47,40
1,4,3,4,3,2,3,2,2,4,3,2,2,1,3,4,4,3,3,3,4,60,54
0,3,3,3,2,3,1,1,1,2,2,3,2,3,2,3,2,1,2,2,3,44,36
1,1,3,0,3,2,2,3,2,1,4,4,2,3,3,2,3,2,3,3,2,49,40
2,3,2,2,2,0,2,3,1,2,4,2,1,2,1,0,3,2,2,1,2,39,36
2,1,3,1,1,2,2,2,1,1,1,1,1,1,1,1,0,1,2,1,2,28,36
1,1,1,2,3,1,1,2,1,0,1,1,2,0,2,1,0,0,1,1,1,23,30
2,0,2,3,1,1,1,1,1,2,1,2,2,1,1,3,2,2,3,2,2,35,36
2,2,3,4,4,3,3,3,1,3,3,3,2,4,2,2,2,3,4,3,2,58,62
2,3,2,3,3,4,3,4,3,3,4,3,2,3,3,4,4,3,4,3,2,65,65
4,0,1,1,2,1,0,2,2,2,2,1,0,0,2,1,2,1,0,2,0,26,29
1,0,2,1,1,1,1,1,3,2,0,2,1,2,0,1,0,1,1,2,1,24,25
2,2,2,2,4,4,3,3,3,2,3,4,2,3,4,4,4,2,4,2,3,62,63
1,1,2,1,1,3,3,1,3,2,1,2,3,3,4,1,1,2,2,2,2,41,42
2,3,4,3,2,3,3,4,3,3,4,3,2,4,3,3,3,3,4,3,4,66,64
2,4,2,3,2,3,3,3,3,3,4,4,2,3,4,3,3,2,4,2,3,62,64
3,4,3,4,4,2,3,4,3,3,4,2,2,3,4,1,2,2,4,3,3,63,67
3,2,4,4,3,4,4,2,3,2,4,3,2,3,3,3,3,4,4,3,4,67,67
3,4,3,4,3,3,3,4,3,2,4,4,3,3,4,4,4,2,3,4,3,70,67
0,1,2,0,3,2,1,3,2,3,3,0,0,1,0,1,2,1,1,2,2,30,29
3,4,3,3,2,4,3,3,3,2,3,3,3,3,4,3,3,3,4,4,3,66,67
4,4,4,4,4,4,4,4,3,4,3,4,3,3,4,4,3,3,3,3,2,74,72
4,2,3,2,3,3,4,3,2,2,2,3,3,3,3,4,3,3,2,3,2,59,62
4,4,3,3,4,3,3,3,3,4,2,3,4,3,3,4,4,2,4,3,4,70,65
4,3,4,4,4,3,4,4,3,3,4,4,3,4,3,3,4,3,4,4,3,75,70
1,2,0,2,0,1,2,0,1,1,2,1,0,2,2,1,1,1,0,2,1,23,26
1,1,3,2,3,3,3,2,3,2,3,0,1,1,3,2,2,2,2,2,3,44,45
2,3,4,2,1,3,3,2,3,3,4,4,2,2,2,4,1,4,4,1,2,56,54
1,1,1,1,1,1,1,2,2,3,2,1,2,0,3,2,3,2,1,2,1,33,30
2,0,3,2,1,1,1,1,3,2,1,1,1,0,1,1,1,1,1,2,1,27,28
3,4,2,3,2,1,1,3,3,3,4,2,4,3,3,3,2,4,3,4,3,60,50
1,2,3,3,3,1,2,1,2,1,1,2,4,2,4,1,2,1,1,2,2,41,36
3,3,2,2,2,3,3,2,2,2,4,2,4,2,2,3,2,2,3,4,2,54,53
2,3,4,4,3,3,1,3,2,3,3,4,4,2,3,3,3,3,3,2,4,62,56
3,2,2,1,0,1,1,1,1,1,1,1,2,1,2,0,1,1,2,1,1,26,32
4,4,3,3,3,3,2,3,3,3,3,3,3,4,4,3,2,4,3,4,3,67,64
2,4,4,4,3,4,3,3,4,3,3,4,4,2,3,4,4,2,4,4,3,71,65
4,4,4,3,2,3,3,4,4,3,2,4,3,3,3,3,4,4,3,3,3,69,65
3,4,4,4,2,2,3,1,3,3,3,3,4,4,3,2,4,2,3,2,2,61,58
3,2,4,2,4,3,4,2,2,3,2,2,2,3,2,3,1,3,2,4,2,55,53
2,1,2,3,1,1,2,3,3,3,1,1,4,2,3,3,1,3,0,1,2,42,40
4,3,4,4,4,3,4,4,2,4,3,2,4,4,3,3,4,3,3,4,4,73,69
0,0,2,1,2,2,2,3,2,2,2,2,1,2,2,2,4,0,1,1,1,34,34
2,3,1,3,2,2,2,1,2,3,1,3,1,3,2,2,2,3,1,2,2,43,38
3,3,2,3,4,2,4,3,2,2,3,2,4,3,2,3,4,3,3,3,2,60,60
3,3,2,4,2,4,4,2,3,3,3,4,4,4,2,3,3,3,4,3,2,65,65
3,0,1,2,2,1,2,1,0,0,1,0,1,1,2,2,1,2,2,1,1,26,38
2,0,1,2,2,3,2,2,1,1,2,2,0,1,1,1,0,1,2,1,1,28,41
3,3,3,4,3,2,4,3,3,3,3,3,3,4,4,2,4,3,4,4,4,69,67
4,2,3,2,4,4,3,3,1,3,2,4,4,4,4,4,4,2,3,2,3,65,65
2,3,4,1,3,1,2,4,4,2,2,3,2,3,3,2,2,2,3,3,2,53,46
0,0,1,2,1,1,0,1,2,1,2,0,1,2,2,1,0,0,1,2,1,21,26
1,2,1,1,1,2,1,1,3,3,2,1,0,1,1,1,2,1,0,2,0,27,25
3,3,4,3,1,2,2,4,3,3,3,2,3,3,3,3,1,4,4,3,3,60,62
1,3,1,3,2,1,2,2,2,2,4,2,2,2,2,2,3,2,2,2,1,43,38
2,4,2,3,3,1,4,3,3,2,4,3,3,4,3,3,2,3,3,2,3,60,58
3,3,2,2,3,3,2,3,2,1,3,2,3,2,4,4,3,3,3,2,3,56,60
3,2,2,0,2,1,2,2,3,2,2,1,2,0,2,1,2,2,0,2,2,35,29
2,3,2,3,3,2,2,3,2,3,1,3,1,2,1,2,2,3,1,1,2,44,41
1,2,1,1,1,1,2,1,2,2,2,2,0,0,1,0,1,1,2,1,3,27,28
2,1,0,2,1,0,0,2,2,0,2,1,2,3,1,3,2,1,0,0,1,26,25
2,1,1,3,4,2,3,1,3,2,1,2,2,2,2,3,3,1,4,2,2,46,51
4,3,3,3,2,3,3,4,4,3,3,3,2,4,3,3,2,4,4,3,3,66,67
3,2,3,3,2,3,4,3,3,3,2,2,3,4,3,2,2,2,2,4,3,58,62
3,3,2,2,3,3,4,3,2,4,4,4,4,3,3,3,4,3,2,4,4,67,60
3,2,3,4,3,2,4,3,3,3,1,4,3,2,4,4,4,3,3,2,4,64,66
1,2,3,1,2,1,1,3,1,3,2,0,1,1,4,3,3,1,0,2,1,36,30
3,2,1,2,2,2,1,0,2,2,2,2,2,1,2,3,3,3,1,1,1,38,32
2,3,2,2,2,0,1,2,2,1,0,0,1,1,1,1,1,1,1,1,1,26,28
4,3,4,3,4,3,3,3,3,2,4,4,3,3,3,3,1,4,3,3,3,66,64
1,2,0,2,2,0,2,3,0,1,1,0,2,1,2,1,3,2,2,2,2,31,36
1,1,1,2,2,1,1,0,0,1,1,3,2,0,2,1,1,1,3,1,1,26,29
3,1,3,1,2,1,1,2,0,3,3,1,2,0,2,1,2,2,0,1,3,34,30
3,3,2,3,4,3,2,2,1,3,2,1,4,4,4,4,3,2,3,3,4,60,60
2,2,2,3,3,1,3,3,3,2,3,3,3,4,3,3,3,4,1,3,3,57,46
3,1,4,4,1,3,3,3,3,4,3,3,1,3,3,4,3,2,2,3,3,59,62
3,2,2,4,3,3,1,3,1,3,2,3,3,3,3,3,3,2,2,3,2,54,56
1,2,3,3,3,3,3,3,3,2,2,2,3,2,3,2,1,3,2,3,4,53,53
2,0,2,2,3,1,2,2,2,2,1,3,1,1,2,3,1,2,3,2,2,39,40
1,1,1,1,2,1,1,2,4,0,1,0,0,2,1,2,1,1,1,2,1,26,27
3,4,2,3,2,2,3,3,3,3,3,3,4,2,4,3,3,2,4,3,3,62,64
2,4,4,2,2,4,2,3,3,2,4,3,3,3,1,2,3,2,3,2,1,55,50
3,4,2,2,2,3,2,3,3,2,3,3,3,3,3,3,3,3,2,0,3,55,53
3,3,3,2,1,2,1,1,3,2,2,2,3,1,3,3,2,2,3,2,2,46,42
3,1,4,4,2,3,2,1,2,4,1,3,3,4,2,3,1,3,4,4,3,57,57
2,1,3,2,1,3,3,3,3,1,3,3,3,4,3,4,4,2,3,3,4,58,57
2,3,2,2,2,3,2,2,3,1,3,2,3,2,1,2,2,2,0,1,1,41,36
2,3,2,3,1,1,3,2,3,1,3,3,3,2,3,3,3,3,3,3,3,53,50
3,4,3,2,3,4,2,3,4,3,2,3,2,2,3,3,4,2,2,3,3,60,56
1,1,1,0,3,0,1,0,1,1,0,1,0,2,1,1,2,1,1,1,3,22,23
2,2,4,3,4,4,3,3,1,3,3,2,1,3,3,4,3,4,2,2,3,59,60
2,1,0,3,2,1,1,3,1,2,2,3,0,2,1,2,1,1,1,2,2,33,36
4,3,4,4,3,1,4,3,4,4,3,3,4,3,3,3,2,4,4,4,3,70,66
4,4,4,3,3,4,4,3,2,4,2,4,4,4,3,3,4,1,4,2,4,70,68
2,2,2,2,2,4,3,2,1,3,3,2,2,4,3,2,3,0,0,3,1,46,45
3,2,4,2,3,3,3,3,2,3,2,3,3,2,4,4,2,3,2,2,2,57,60
2,2,4,3,3,2,3,2,3,3,3,2,4,3,2,2,2,3,4,4,2,58,54
1,2,4,1,2,1,1,2,1,1,2,1,1,1,2,0,1,1,1,0,0,26,29
4,4,2,4,3,3,3,4,3,1,3,2,3,2,2,1,3,1,2,3,3,56,64
2,2,1,2,2,2,2,1,2,3,1,2,2,2,2,3,3,1,3,2,1,41,41
3,4,2,3,2,2,3,2,2,3,3,2,3,3,2,4,2,3,2,4,3,57,50
3,2,1,1,2,3,2,2,1,1,2,3,4,2,3,0,2,4,2,3,2,45,45
4,4,3,2,3,2,4,3,3,3,3,3,4,4,3,3,2,4,3,4,3,67,62
1,1,1,2,1,0,1,3,1,2,1,1,3,2,3,1,0,3,2,0,1,30,34
3,2,2,2,3,4,2,3,4,3,2,1,3,1,2,4,3,2,3,3,3,55,57
0,1,1,1,1,2,0,0,2,0,1,1,1,2,0,3,1,2,2,1,3,25,24
3,4,3,3,3,3,4,4,4,3,3,2,4,3,3,4,3,4,2,3,4,69,64
3,2,2,2,3,3,2,3,1,2,2,3,3,4,2,3,3,2,2,2,2,51,50
2,1,2,3,3,3,2,2,2,1,1,2,2,2,3,2,2,1,1,0,2,39,46
1,3,3,1,2,1,1,0,4,2,1,1,1,1,1,1,1,3,2,0,1,31,26
0,2,1,1,3,3,3,1,2,1,3,1,2,3,3,2,1,1,4,2,1,40,42
3,3,4,3,4,4,3,3,3,3,4,3,4,3,2,2,3,3,3,4,4,68,62
1,1,1,1,1,1,1,1,1,1,1,1,2,2,4,2,2,1,1,2,0,28,29
1,0,2,1,3,1,2,1,0,0,2,1,2,1,2,0,2,1,2,1,1,26,30
1,2,1,2,3,2,2,3,2,2,2,2,1,2,2,3,1,1,2,1,2,39,40
1,2,1,3,1,2,2,2,1,1,1,0,2,3,0,0,1,1,0,0,3,27,31
4,3,2,3,3,3,4,4,2,3,4,4,3,2,3,4,3,2,2,3,1,62,65
1,3,1,2,1,0,2,1,1,1,1,2,1,1,1,1,2,0,0,3,0,25,26
1,1,1,0,1,0,2,2,2,2,1,1,1,2,0,2,1,3,2,1,1,27,26
2,3,2,3,1,0,1,1,2,3,3,0,3,4,1,4,3,1,2,2,1,42,30
4,3,3,3,4,3,3,1,2,4,2,2,1,3,2,3,3,3,4,3,3,59,60
1,1,0,1,3,2,3,1,2,0,2,2,1,2,0,1,2,2,1,1,1,29,29
2,4,4,3,2,2,2,1,3,4,4,3,2,2,3,2,3,4,1,4,2,57,40
3,2,2,4,2,3,2,2,4,4,1,3,3,2,3,3,4,3,1,4,2,57,53
1,1,1,1,2,0,2,0,1,0,2,2,1,2,1,2,0,0,3,1,3,26,27
2,2,2,2,3,1,2,3,2,2,1,2,2,1,0,2,2,3,3,3,1,41,39
4,3,3,3,3,3,3,3,2,3,2,3,3,3,4,3,4,2,4,3,3,64,67
2,1,0,1,1,0,1,1,0,1,1,1,0,1,1,1,1,1,1,1,1,18,26
2,1,1,4,1,2,2,3,3,3,1,3,3,3,3,2,0,2,3,0,2,44,58
3,2,0,2,2,3,2,1,3,3,1,0,0,1,3,2,3,2,2,2,3,40,46
0,1,1,0,1,2,1,1,3,1,2,1,2,0,1,0,1,1,2,2,1,24,26
3,3,2,3,4,4,3,4,3,3,3,4,4,3,4,3,4,3,3,3,3,69,67
2,3,3,3,2,2,4,3,2,2,3,2,4,4,2,3,3,4,2,3,3,59,54
2,2,2,2,0,1,2,3,2,1,2,2,4,3,2,1,2,2,0,3,2,40,36
3,4,2,2,3,4,3,3,3,4,3,4,3,2,4,2,3,4,4,4,3,67,65
2,1,3,2,1,3,2,3,2,1,2,3,3,2,0,2,2,2,1,2,2,41,38
1,4,3,4,3,3,2,2,3,2,2,3,4,3,3,3,4,3,3,3,1,59,52
2,2,2,3,3,2,2,1,1,3,1,2,1,3,1,1,2,1,3,2,2,40,41
3,4,4,4,4,4,3,4,3,3,4,4,3,4,2,3,3,4,2,3,4,72,63
2,2,2,1,3,3,0,1,2,2,3,0,2,3,1,2,2,2,2,1,3,39,31
4,2,3,3,2,4,3,2,2,3,3,1,2,3,3,2,3,3,2,2,2,54,61
4,3,2,2,4,3,3,4,3,4,1,3,3,3,1,4,2,4,3,4,2,62,60
2,3,1,1,2,2,1,3,2,2,1,1,4,3,4,2,2,1,2,2,2,43,41
1,3,1,2,1,1,1,2,1,3,1,1,4,0,2,0,1,1,1,2,2,31,30
1,4,4,2,3,3,3,3,4,3,2,1,4,0,3,3,2,3,2,3,3,56,49
1,2,3,4,1,0,4,1,3,2,3,3,2,1,1,3,2,1,1,1,3,42,37
4,1,4,4,4,4,4,4,3,4,3,4,3,3,3,3,3,4,2,2,3,69,68
1,3,2,3,1,2,0,3,1,2,1,1,2,3,3,3,2,0,2,2,1,38,39
1,2,0,1,2,3,2,1,2,1,0,1,1,2,1,2,1,0,1,1,3,28,31
1,2,4,1,1,2,2,3,1,2,2,1,3,2,2,2,1,1,3,3,2,41,41
3,3,3,2,2,3,3,3,2,2,3,2,1,3,2,3,3,2,2,3,4,54,53
3,4,3,2,4,3,3,2,4,2,3,3,2,4,4,3,2,3,3,3,3,63,60
2,2,2,2,3,2,2,2,3,3,3,1,2,4,2,4,3,2,3,2,1,50,43
1,3,3,1,2,2,4,3,3,2,4,4,2,4,3,3,3,2,3,3,1,56,50
1,1,2,1,1,3,0,2,1,0,1,3,2,1,1,2,0,2,1,2,1,28,28
2,4,4,4,3,3,4,4,3,3,4,3,4,3,4,4,3,3,3,3,3,71,67
3,2,3,2,2,3,4,3,2,3,1,3,2,1,3,1,2,3,3,0,3,49,62
1,3,2,1,1,3,1,4,1,2,3,2,3,2,3,0,2,2,3,2,2,43,44
3,4,3,3,4,4,1,4,3,3,3,3,3,4,4,3,3,2,3,2,3,65,63
3,4,4,3,3,2,4,2,3,4,2,4,3,3,3,2,4,3,3,2,4,65,60
2,2,2,2,1,3,2,1,0,2,2,3,3,2,2,1,3,1,2,2,2,40,41
2,2,2,1,3,1,3,2,4,4,4,1,3,2,3,2,4,2,2,2,4,53,40
1,2,3,1,3,2,1,3,2,2,1,1,3,2,1,2,2,2,4,2,1,41,39
3,1,3,2,0,1,2,1,2,2,2,1,1,1,2,1,1,1,1,0,0,28,36
4,2,2,3,2,2,2,3,1,3,1,2,3,2,2,2,3,1,2,3,4,49,54
1,1,1,1,0,1,1,0,1,2,2,1,0,3,2,0,2,1,1,1,1,23,26
2,3,4,3,3,2,3,3,2,3,2,4,2,3,2,3,1,2,3,3,4,57,54
2,3,3,2,2,4,2,3,2,3,0,1,3,3,3,2,1,1,2,2,2,46,53
3,3,3,3,2,2,4,3,3,1,3,3,2,2,2,1,3,3,3,1,3,53,60
1,2,1,2,2,2,1,1,0,1,1,1,2,0,1,3,1,2,2,2,0,28,30
2,3,3,1,2,2,3,2,2,1,3,0,2,4,1,2,2,1,2,2,2,42,38
3,2,3,3,2,1,3,3,3,3,4,3,2,2,1,2,3,2,3,4,3,55,51
2,1,1,1,0,2,1,1,1,1,1,1,2,0,1,1,1,1,2,2,2,25,30
1,1,1,2,0,2,2,0,1,0,1,1,1,1,1,1,1,1,3,3,0,24,33
4,2,4,2,4,3,4,3,2,4,3,4,2,1,2,1,3,2,3,3,3,59,62
0,2,3,2,2,0,3,4,1,1,3,0,1,2,3,2,1,1,3,1,2,37,43
3,4,3,3,3,3,4,3,4,3,4,1,3,4,4,3,4,4,4,3,3,70,67
3,1,0,0,1,2,2,1,1,0,1,0,3,1,1,0,2,3,2,0,2,26,34
1,3,3,1,3,3,3,2,1,1,3,3,3,2,2,2,2,1,3,2,1,45,43
3,2,2,1,3,4,1,1,3,3,3,4,1,3,1,3,3,2,3,2,3,51,41
3,3,3,4,3,4,3,3,3,3,3,3,1,4,3,3,1,4,3,3,3,63,65
4,4,2,4,2,2,3,4,3,4,3,0,3,4,2,3,3,3,2,2,4,61,62
2,3,2,3,3,2,3,3,4,2,2,3,2,3,1,4,2,4,3,3,3,57,51
2,2,2,2,2,4,1,1,2,2,2,3,2,3,1,2,1,2,2,1,2,41,39
3,3,1,2,2,1,0,2,0,1,0,1,1,1,1,1,1,0,0,1,3,25,27
2,1,0,2,2,0,1,1,1,2,2,1,1,1,2,1,3,1,2,1,1,28,30
4,4,4,4,4,3,2,2,4,2,3,3,4,3,3,3,4,4,3,2,4,69,62
1,1,1,1,1,1,2,1,1,2,1,1,1,2,1,3,2,2,1,0,0,26,27
1,2,0,2,1,4,1,1,1,3,3,2,1,2,4,2,0,4,1,3,3,41,39
2,2,2,3,1,3,2,4,4,2,1,3,4,3,3,3,4,4,4,4,4,62,62
3,4,3,4,2,3,3,3,2,3,4,1,4,4,1,2,3,3,3,3,2,60,60
0,1,0,1,2,2,1,1,3,2,1,0,2,0,1,1,0,1,2,1,1,23,27
3,3,2,4,3,0,3,3,2,2,2,3,3,3,3,2,4,2,3,4,3,57,59
1,1,1,0,1,2,1,1,1,0,1,1,2,1,0,3,1,1,2,1,0,22,26
2,4,3,2,2,4,4,3,3,3,3,4,3,4,3,1,3,4,2,2,3,62,59
2,1,1,1,1,2,2,1,3,4,2,2,0,1,0,1,3,1,3,2,2,35,35
2,1,2,3,1,4,1,3,1,3,3,1,1,3,2,4,2,3,1,3,2,46,45
3,3,4,4,3,4,3,4,3,3,4,2,2,3,3,4,2,4,4,3,4,69,69
3,0,1,1,2,1,1,1,1,1,1,1,1,0,0,0,0,2,1,0,0,18,27
1,1,2,3,3,3,2,2,1,3,1,3,3,2,2,3,1,2,1,0,1,40,40
3,2,2,3,4,2,2,4,3,2,2,4,2,3,2,4,3,3,4,2,3,59,61
3,2,4,3,3,3,4,3,3,4,3,3,2,3,3,4,4,3,4,3,2,66,65
1,1,1,0,1,1,1,2,1,3,0,2,2,2,3,2,1,0,1,2,0,27,29
3,3,4,4,4,3,3,3,3,2,4,3,3,4,4,3,4,2,3,4,3,69,65
2,2,2,2,2,1,2,1,1,1,3,3,2,2,2,1,2,1,2,2,1,37,36
2,4,2,2,1,2,1,2,4,0,3,2,1,3,2,2,2,2,3,2,4,46,40
4,4,2,4,3,4,4,4,3,4,3,4,2,3,3,3,2,3,3,2,3,67,70
2,1,1,2,2,3,2,2,2,3,1,2,3,1,2,3,1,2,2,2,2,41,43
2,2,4,3,2,3,4,3,1,3,3,3,2,1,2,2,2,1,0,3,2,48,50
3,0,2,1,1,0,2,1,2,2,1,0,2,1,2,0,0,1,1,1,4,27,30
3,2,3,1,1,1,2,2,0,1,3,3,2,1,2,3,4,2,2,2,1,41,38
4,4,2,4,4,4,3,2,3,3,2,4,3,3,3,2,3,2,3,3,4,65,65
2,1,2,1,2,1,1,1,1,3,1,2,3,1,2,1,1,2,2,2,2,34,30
3,3,1,1,2,1,2,2,2,0,2,3,2,3,2,2,3,3,3,3,2,45,40
3,2,4,1,1,4,3,3,3,1,4,3,3,4,4,3,3,2,2,3,2,58,59
1,3,3,2,3,2,3,2,3,3,1,3,2,3,2,3,3,2,2,3,2,51,40
2,0,1,1,3,2,1,1,1,1,1,0,2,2,1,1,1,1,2,1,0,25,30
3,2,1,2,1,0,3,3,2,3,2,2,3,3,3,4,3,0,1,2,1,44,42
3,4,4,1,4,4,3,2,3,4,4,3,3,4,3,3,2,4,4,3,3,68,60
2,1,2,3,2,1,3,1,1,3,2,1,2,2,1,2,2,1,2,2,2,38,39
3,2,1,1,1,2,1,2,1,1,2,1,2,3,2,1,1,2,2,1,2,34,38
3,2,1,3,3,0,4,1,2,3,0,2,1,2,2,1,2,3,2,1,3,41,43
3,3,3,1,3,2,3,3,3,2,3,4,3,3,4,1,2,2,4,2,3,57,60
3,3,2,3,3,3,2,3,2,3,4,3,3,3,3,4,4,3,4,3,3,64,62
2,2,3,1,2,0,2,2,2,2,3,2,1,2,1,2,2,2,2,3,2,40,30
2,2,1,2,2,1,2,1,1,0,2,1,0,2,3,1,1,1,1,1,1,28,35
2,3,3,4,4,4,3,4,4,3,3,4,2,3,3,4,3,4,2,4,4,70,63
3,3,1,2,3,3,2,2,3,3,2,2,4,3,1,4,3,3,2,4,2,55,43
4,3,3,3,3,2,4,3,3,3,4,2,3,3,3,4,4,4,3,4,4,69,64
3,4,4,3,4,3,4,3,3,4,3,3,3,3,3,4,4,3,4,4,3,72,65
1,0,1,0,2,2,2,3,1,2,4,3,3,3,2,2,3,3,3,2,3,45,39
2,2,2,3,2,3,3,2,2,2,0,3,2,3,3,4,4,2,3,2,3,52,57
3,3,3,2,2,1,1,1,1,2,3,2,2,2,3,1,1,2,2,2,4,43,38
4,3,4,2,3,4,3,4,4,3,2,3,3,3,4,2,3,4,3,4,4,69,67
2,3,1,3,2,1,1,2,1,1,1,2,3,2,2,2,2,3,1,2,3,40,36
1,0,1,1,1,1,1,2,2,1,1,1,1,3,1,0,1,1,0,3,1,24,27
2,1,2,2,3,2,3,3,2,2,2,1,0,2,0,1,2,1,2,1,4,38,41
1,1,0,0,2,4,1,1,1,3,1,2,1,0,1,1,2,3,1,2,2,30,29
1,2,1,1,2,0,3,2,1,2,1,1,2,2,2,1,0,1,1,3,1,30,31
4,4,4,3,4,3,3,3,3,4,4,2,4,3,3,3,2,3,4,3,3,69,65
1,0,1,2,0,0,0,1,0,0,2,0,2,1,1,1,1,0,2,1,2,18,26
4,2,4,3,4,4,4,3,4,3,4,4,2,3,4,4,3,3,3,3,3,71,68
1,1,3,2,2,3,3,1,2,1,2,3,3,1,3,3,1,3,2,2,3,45,42
1,2,2,1,1,2,1,1,1,0,0,1,2,2,0,1,0,1,1,1,0,21,26
4,1,2,1,3,3,2,2,2,2,2,1,3,1,3,0,3,4,3,2,3,47,53
2,2,3,2,2,3,2,0,1,2,3,4,2,4,2,3,2,1,0,1,1,42,29
0,1,1,1,0,0,1,1,0,1,3,2,1,2,1,0,1,0,1,0,2,19,24
3,4,3,2,2,3,4,3,3,2,3,2,3,2,2,2,3,4,3,3,4,60,60
2,3,2,2,2,3,3,3,3,1,3,3,3,4,3,3,3,3,3,3,4,59,57
4,4,3,4,4,3,3,4,2,4,3,2,2,3,3,4,3,3,4,3,4,69,69
2,2,1,1,4,3,2,1,2,2,2,3,3,2,3,4,0,4,1,3,0,45,38
2,3,4,4,3,4,3,2,4,3,4,4,3,3,3,3,3,3,2,3,2,65,60
4,3,4,2,3,2,2,3,3,2,2,1,3,2,3,1,3,3,4,3,2,55,60
1,0,0,3,1,1,0,2,2,1,1,1,1,2,2,0,2,1,1,0,2,24,30
3,3,3,3,3,3,2,2,2,4,2,2,4,3,4,2,1,2,2,4,3,57,57
3,4,3,4,3,3,3,3,3,3,3,3,4,3,4,2,3,4,4,4,3,69,67
4,1,1,1,2,2,2,3,1,1,2,3,3,3,3,2,1,3,2,2,1,43,49
3,1,1,2,3,2,1,2,3,2,2,4,1,1,1,3,3,2,2,2,1,42,38
3,3,2,2,3,2,3,4,2,2,2,3,3,2,3,4,1,2,3,3,3,55,60
2,2,1,1,0,1,1,0,1,2,3,0,0,1,2,0,1,1,2,1,1,23,28
3,4,1,2,2,2,3,1,4,3,2,3,2,3,3,4,3,3,3,2,3,56,49
4,2,3,3,2,3,2,3,3,3,3,3,3,3,2,4,4,1,1,3,3,58,53
2,3,2,2,1,0,2,3,3,1,0,1,1,1,1,1,0,0,1,2,1,28,33
2,2,3,2,3,4,1,0,1,2,3,1,2,4,3,2,1,1,1,2,2,42,38
2,2,1,1,0,2,0,1,1,1,1,2,2,1,2,3,3,1,1,1,0,28,28
1,2,2,3,1,2,1,1,3,1,2,1,0,3,2,1,2,1,1,1,1,32,32
3,4,3,3,2,4,3,3,2,3,3,2,3,3,3,3,3,4,4,3,2,63,65
2,2,3,1,3,2,2,2,3,1,3,3,2,3,4,1,4,3,3,3,3,53,45
2,4,3,2,3,3,4,3,4,3,4,3,3,3,4,4,3,3,2,4,4,68,60
2,1,2,2,1,0,1,1,2,0,2,1,1,2,2,2,1,1,1,2,1,28,28
3,4,2,4,2,3,3,2,2,2,2,3,1,3,3,3,2,3,3,3,3,56,62
1,2,1,1,3,2,1,2,2,1,2,1,1,0,0,1,1,0,1,1,1,25,27
2,1,1,2,0,1,0,1,1,2,0,0,3,2,2,1,0,2,0,1,2,24,26
1,1,1,1,2,1,2,2,2,0,2,1,0,2,1,2,0,2,3,2,1,29,33
4,1,1,1,2,2,2,2,2,2,4,2,1,3,3,3,1,2,2,2,0,42,45
1,1,2,2,1,3,3,4,1,0,3,3,0,1,2,0,2,3,1,2,3,38,46
2,1,2,3,3,3,2,2,2,2,1,3,0,0,2,1,2,1,1,2,1,36,43
3,1,2,1,1,1,0,1,1,0,2,1,1,0,1,2,1,2,2,0,2,25,28
3,4,3,3,3,4,3,3,3,4,4,4,3,3,4,3,3,2,2,3,3,67,63
3,4,1,2,1,3,3,3,2,3,3,4,3,2,4,3,1,3,3,2,2,55,62
3,2,2,2,0,1,3,2,2,2,3,1,3,2,3,1,2,3,2,1,1,41,46
2,1,3,0,2,3,1,1,2,3,3,2,4,2,2,1,1,3,1,2,2,41,31
3,2,2,3,3,3,3,4,3,3,4,2,3,4,4,4,3,3,3,4,4,67,65
1,1,2,1,0,2,2,1,1,2,0,0,2,2,0,1,0,1,0,3,2,24,26
3,4,3,3,3,3,3,4,3,4,3,2,4,3,1,4,3,4,3,4,4,68,60
4,3,4,4,2,3,4,3,4,1,4,3,2,3,3,4,4,4,4,4,4,71,69
1,1,2,1,1,2,0,3,1,2,1,2,0,2,2,1,3,1,2,0,1,29,32
3,4,3,3,4,4,3,4,4,3,3,3,3,2,3,4,4,3,4,2,4,70,67
0,1,0,1,2,2,3,0,2,2,1,1,1,1,1,0,3,2,1,1,1,26,28
2,3,3,2,2,3,1,3,3,2,1,2,3,2,3,2,4,2,2,1,2,48,45
2,2,2,2,1,0,0,2,1,2,1,3,1,1,3,0,1,4,2,1,0,31,31
1,2,3,1,1,1,0,1,1,2,1,2,1,0,2,2,2,1,1,2,1,28,27
4,3,3,4,3,3,4,4,3,4,3,3,3,3,3,4,3,4,3,2,4,70,69
2,3,2,2,2,4,1,3,1,2,3,3,3,2,3,3,3,1,4,4,2,53,56
3,2,2,3,3,2,4,2,2,3,4,4,3,4,3,4,2,2,4,3,2,61,62
2,2,2,2,1,3,1,1,2,2,2,2,2,1,1,1,1,0,1,1,2,32,33
2,1,2,2,2,2,1,3,2,1,1,2,0,0,1,0,1,1,1,1,2,28,36
4,2,2,4,2,4,4,4,4,4,3,4,3,4,4,3,4,4,4,4,3,74,73
3,3,3,1,4,4,2,1,2,3,3,3,3,3,4,3,2,2,3,3,3,58,53
4,4,4,4,3,3,4,4,3,3,4,3,4,3,3,3,3,4,3,3,3,72,69
1,2,1,3,0,1,2,1,1,1,0,2,1,1,2,1,0,2,2,2,4,30,36
2,0,0,1,2,1,1,1,1,2,0,1,1,2,3,2,2,3,1,2,1,29,30
2,0,0,2,2,1,1,2,1,1,2,1,0,1,2,1,1,0,0,1,1,22,30
3,2,1,2,3,1,3,2,1,2,1,3,1,0,1,1,2,1,1,2,1,34,38
3,1,2,3,2,2,2,3,0,3,3,1,3,2,1,4,3,2,2,3,4,49,47
1,1,1,1,1,1,1,1,2,0,1,2,1,1,1,1,1,2,3,4,2,29,28
3,4,4,4,2,4,3,4,4,4,2,4,2,3,4,3,3,3,4,3,4,71,70
2,0,3,2,1,1,1,2,1,1,0,1,3,0,2,1,0,2,1,0,3,27,33
2,1,1,1,1,0,1,1,2,1,2,2,0,1,2,2,0,2,2,1,3,28,28
1,1,2,2,3,2,3,2,2,4,2,2,1,3,2,3,2,3,2,1,2,45,40
1,3,1,1,2,2,0,1,2,1,1,1,1,3,1,2,1,2,2,0,1,29,27
4,2,4,3,3,3,3,3,2,2,3,2,2,3,2,2,3,3,2,3,2,56,60
1,1,0,1,1,0,0,1,1,1,2,2,1,3,2,1,1,2,3,2,2,28,27
2,2,1,2,3,1,2,3,4,2,1,3,2,2,2,3,2,3,3,3,2,48,44
0,1,1,1,1,1,3,2,0,3,1,1,3,1,1,2,1,2,0,2,2,29,27
1,2,1,4,3,2,2,1,1,4,4,2,4,1,2,3,1,0,2,2,2,44,41
1,0,2,1,0,2,0,2,2,0,2,3,1,1,2,0,1,2,2,1,2,27,30
2,1,2,1,1,0,2,0,2,2,1,1,1,1,0,1,2,1,1,1,2,25,0
4,3,3,2,4,3,3,4,4,3,4,4,4,4,3,3,1,3,3,3,3,68,64
3,4,3,3,4,4,4,3,3,3,4,2,3,3,3,3,3,3,4,3,4,69,67
2,2,2,2,4,0,1,1,3,0,1,2,2,2,1,2,1,3,2,2,2,37,28
4,3,1,1,4,2,4,3,2,2,2,2,3,2,2,1,2,1,4,3,3,51,59
4,3,2,3,2,3,4,2,3,3,1,1,4,4,0,2,3,4,4,3,4,59,58
1,1,2,1,2,1,1,1,1,1,0,2,1,2,2,3,2,2,3,2,1,32,30
4,4,3,4,3,3,4,3,3,3,3,3,2,4,3,4,3,4,3,3,3,69,67
3,2,2,2,2,2,3,2,3,3,1,3,0,3,2,3,2,2,1,1,1,43,43
3,3,3,2,2,3,4,4,3,4,3,3,4,4,4,4,4,4,3,3,4,71,65
2,2,4,3,1,2,1,1,1,1,1,2,1,1,1,0,1,2,1,2,1,31,32
3,3,3,2,3,2,3,2,3,2,4,3,2,3,3,3,3,2,3,2,3,57,54
3,3,2,2,3,2,3,3,4,3,3,3,3,3,4,2,4,4,2,2,1,59,57
3,4,3,2,3,2,3,4,3,3,4,3,3,3,3,4,3,4,3,3,3,66,60
3,2,3,2,3,3,3,4,3,4,3,4,2,3,3,4,3,2,4,3,3,64,64
2,3,2,2,2,3,2,2,1,4,3,2,2,3,4,3,2,1,2,4,2,51,49
3,4,3,4,3,4,4,3,3,3,4,4,4,4,3,2,2,2,4,4,2,69,68
1,3,1,1,2,3,3,2,2,3,2,3,3,3,2,3,2,3,3,2,4,51,43
4,3,4,4,3,4,3,3,3,2,2,4,3,1,3,3,3,3,4,3,4,66,68
3,2,3,4,4,3,3,2,2,2,4,4,3,2,3,3,2,3,1,3,3,59,56
3,3,4,4,3,3,3,4,3,3,4,3,4,3,3,3,3,3,4,4,4,71,67
2,3,3,2,2,1,1,3,4,4,3,3,3,3,2,4,3,2,4,1,3,56,43
4,3,2,4,2,4,2,1,4,2,3,2,4,2,3,2,3,2,2,3,3,57,59
4,2,4,2,3,4,3,3,3,3,4,3,4,3,3,3,3,3,3,4,4,68,63
3,4,4,3,3,3,4,4,3,4,3,3,3,4,3,2,4,3,2,3,2,67,64
2,2,1,3,2,1,3,3,3,2,1,2,2,2,2,2,3,3,2,3,4,48,47
0,1,3,0,3,1,2,2,1,1,2,1,2,1,0,2,1,1,1,3,2,30,25
3,2,4,3,3,4,3,3,1,2,3,1,3,3,4,3,3,3,4,1,3,59,67
3,1,4,3,2,3,3,4,3,2,2,4,4,3,3,4,3,3,3,3,3,63,64
3,4,4,2,3,3,3,3,4,3,2,2,3,4,2,2,3,3,3,4,1,61,57
1,1,1,3,1,1,3,1,1,2,1,1,1,2,1,0,1,1,2,1,1,27,36
3,3,2,3,4,3,3,3,3,4,3,3,4,4,3,4,3,2,3,3,3,66,62
3,2,4,3,3,3,3,4,2,3,4,2,1,4,3,2,2,2,4,3,2,59,65
1,1,2,3,3,0,1,1,1,4,0,2,1,2,1,0,2,2,1,2,2,32,27
3,3,2,2,4,3,3,2,4,3,1,3,2,3,4,3,3,4,2,3,4,61,57
4,3,4,2,1,4,1,2,2,3,4,3,3,3,2,3,3,4,2,3,3,59,50
3,2,4,4,3,4,3,3,4,3,4,2,4,3,3,2,3,3,3,4,4,68,65
4,2,2,3,3,2,3,3,3,4,4,3,4,3,2,2,1,1,2,3,3,57,57
2,3,2,3,3,3,3,3,2,2,3,3,3,4,4,3,3,4,2,3,2,60,60
4,1,4,2,3,3,3,3,4,3,3,4,3,4,3,3,4,3,3,4,3,67,62
3,3,3,4,3,3,3,3,3,4,3,3,4,4,2,4,4,4,3,3,3,69,62
4,3,4,3,3,4,4,4,2,3,3,3,3,4,3,3,2,3,3,4,3,68,68
1,3,1,2,2,1,2,1,2,2,3,3,2,2,2,3,1,3,1,1,3,41,30
4,4,3,2,4,2,3,3,3,2,3,4,3,3,2,3,3,3,4,4,3,65,60
3,2,3,2,2,2,1,2,2,3,2,2,4,2,1,1,2,1,3,4,2,46,41
2,3,0,4,2,2,2,1,1,0,3,3,3,2,2,2,3,2,2,1,3,43,43
3,2,3,4,2,2,3,3,3,4,3,2,2,1,1,2,2,4,3,2,3,54,58
2,3,2,2,2,1,3,3,2,3,1,3,2,3,3,3,3,2,1,2,2,48,42
4,2,4,3,4,3,3,4,4,3,4,4,4,3,4,2,4,4,2,3,3,71,65
3,4,3,2,4,4,3,3,3,4,3,4,1,4,3,3,4,4,4,3,4,70,63
1,1,3,0,0,1,2,2,4,0,0,1,0,1,1,1,2,2,2,3,0,27,29
4,2,3,4,4,2,3,3,2,1,3,3,3,3,2,3,3,4,3,3,2,60,62
0,2,1,1,1,2,2,0,1,1,1,1,2,1,1,0,2,0,1,0,2,22,27
1,1,1,3,2,2,0,1,2,2,1,1,1,2,0,1,2,2,1,2,1,29,26
2,3,2,3,2,2,3,3,2,2,4,2,2,1,3,3,2,2,2,2,4,51,54
1,2,2,0,1,1,1,1,0,1,1,1,1,1,1,0,1,1,1,1,2,21,25
2,4,2,3,4,2,2,4,3,4,4,3,2,3,3,3,4,4,2,3,2,63,53
3,1,0,3,2,2,2,1,2,0,1,1,0,1,2,2,2,2,1,1,1,30,40
3,4,2,3,3,3,3,4,3,2,4,4,2,3,4,3,4,4,4,2,3,67,67
2,2,1,1,2,2,2,1,1,1,2,0,3,2,3,1,3,2,2,3,2,38,38
3,1,3,4,3,3,3,2,4,2,2,1,1,3,2,4,3,2,3,4,4,57,60
3,3,4,2,4,3,3,4,4,2,3,4,3,2,3,2,3,3,3,4,3,65,62
3,3,1,2,2,2,0,3,3,2,1,1,4,2,1,2,3,2,1,3,2,43,35
3,4,4,3,3,2,4,3,3,3,3,3,3,4,4,3,4,2,4,4,4,70,66
0,1,2,2,2,1,0,0,1,0,1,3,1,1,0,1,3,1,3,1,1,25,25
3,2,0,1,3,2,2,2,1,1,1,2,1,0,2,1,2,2,1,0,2,31,38
3,2,2,4,4,1,4,4,3,2,2,3,2,4,2,3,2,4,3,3,1,58,62
3,3,4,4,4,3,4,3,4,3,4,4,2,4,3,3,3,4,4,3,4,73,67
3,1,1,3,2,4,2,1,0,3,2,2,3,2,3,2,2,3,3,1,2,45,56
2,3,0,3,2,2,3,3,2,4,2,2,4,3,3,3,2,2,3,3,2,53,57
1,1,2,1,1,0,2,2,3,1,0,1,2,0,2,2,1,2,0,2,1,27,27
4,3,4,4,4,4,4,3,2,3,4,3,3,4,3,3,4,4,4,3,3,73,70
4,4,3,3,2,2,1,3,2,2,3,3,3,2,4,4,3,3,2,2,1,56,57
3,3,1,3,4,1,1,3,3,3,2,4,3,2,2,3,2,4,2,2,4,55,43
3,3,3,3,4,3,4,4,4,2,3,3,3,2,4,2,4,3,4,4,4,69,69
2,3,1,3,4,3,4,3,3,4,4,3,4,3,2,3,3,3,4,3,3,65,62
2,0,1,1,2,2,2,1,1,0,2,1,2,2,0,1,1,2,2,0,2,27,31
3,4,3,3,3,3,4,4,4,2,3,2,3,4,3,4,4,4,2,4,4,70,64
3,2,1,3,2,1,2,3,2,3,2,2,1,2,2,1,1,2,3,3,0,41,51
3,3,2,1,3,4,2,3,3,2,3,2,2,3,3,2,3,3,2,3,3,55,53
2,3,2,0,0,1,1,1,1,1,1,0,1,1,3,0,0,0,4,2,1,25,35
1,3,2,1,2,2,1,2,2,3,1,0,1,3,0,1,1,2,2,0,2,32,29
3,2,2,3,3,3,4,3,3,3,3,3,4,4,4,3,3,4,2,4,3,66,64
0,3,2,2,1,2,4,1,3,1,4,1,2,2,4,2,1,3,2,2,1,43,42
2,2,4,4,4,4,4,4,3,3,2,3,2,4,3,3,3,3,3,4,4,68,67
3,3,3,2,4,2,2,2,3,1,3,2,2,2,2,4,2,3,3,3,3,54,47
2,0,1,3,3,3,2,1,2,3,3,2,0,2,1,0,3,2,1,2,2,38,38
3,3,2,1,2,2,1,2,4,2,1,3,1,2,2,2,2,3,1,3,2,44,36
4,3,3,3,2,3,3,3,3,3,3,3,2,4,3,3,4,3,3,3,4,65,64
3,3,4,4,2,2,3,3,2,1,4,3,3,3,3,3,2,3,4,3,1,59,64
3,2,2,4,1,1,3,3,4,2,4,3,3,3,3,2,3,3,3,2,4,58,61
3,3,1,4,2,4,1,1,2,1,2,2,1,2,1,3,3,2,3,3,2,46,50
4,3,3,2,0,2,1,3,2,1,1,2,3,3,1,1,3,2,2,2,1,42,43
1,1,1,3,1,3,2,3,2,4,1,0,1,3,2,3,0,2,2,3,2,40,45
1,1,3,2,2,3,2,2,0,1,0,2,0,1,3,3,3,2,1,3,0,35,40
2,2,3,3,3,0,3,3,3,2,4,2,3,3,3,3,2,2,4,3,4,57,55
3,3,3,3,1,3,3,0,2,0,2,2,3,3,1,0,3,1,4,2,2,44,47
3,3,1,3,4,3,4,3,3,2,2,3,3,3,3,3,3,3,1,2,3,58,60
4,3,4,4,2,3,4,3,3,4,4,4,4,2,3,3,3,2,4,3,3,69,69
1,0,1,2,1,1,1,2,3,1,3,1,2,0,0,1,2,3,3,1,1,30,30
3,2,2,3,4,3,3,3,4,2,2,3,3,3,3,2,4,3,2,4,3,61,60
2,3,4,3,2,2,3,3,2,2,1,2,3,3,3,4,1,2,2,3,3,53,54
3,3,3,4,3,2,3,2,3,4,3,4,2,4,3,3,3,4,2,1,2,61,57
2,2,4,3,1,2,3,1,2,2,3,3,3,2,3,2,3,2,3,2,3,51,50
3,3,2,2,3,1,3,4,2,3,1,4,1,1,3,3,3,3,3,3,3,54,57
0,1,2,3,2,1,0,1,2,2,0,1,2,1,1,1,0,2,2,1,1,26,27
3,2,2,4,3,3,4,3,1,4,4,3,1,2,4,2,3,4,3,2,2,59,67
1,1,2,1,3,2,1,1,1,2,1,2,2,3,1,1,0,1,1,2,3,32,27
2,4,3,4,3,2,4,4,4,4,3,3,3,1,4,3,4,3,2,4,2,66,64
2,3,3,3,3,4,3,4,4,1,3,2,2,4,3,4,4,4,2,3,3,64,62
2,2,3,1,1,2,0,0,2,1,2,1,0,1,0,2,1,1,0,2,2,26,0
3,2,3,2,4,3,2,3,4,4,1,4,4,3,2,3,2,3,2,3,3,60,50
4,3,3,3,3,3,3,3,2,3,2,2,4,3,3,1,4,4,3,4,2,62,64
2,1,2,1,1,1,0,2,0,1,2,2,1,2,1,1,2,1,2,0,2,27,29
1,4,2,0,2,2,2,3,2,3,4,3,2,2,3,1,2,0,1,3,2,44,36
3,3,3,3,3,3,3,3,3,4,4,3,3,3,4,4,3,3,3,4,2,67,64
2,2,3,2,4,4,4,3,3,4,4,3,4,2,4,2,3,2,3,4,4,66,63
3,1,3,3,2,2,0,3,3,1,2,3,2,2,1,2,1,4,1,4,3,46,38
4,2,1,1,3,2,2,2,2,1,3,3,3,1,2,2,3,2,0,3,2,44,37
3,2,3,3,1,4,1,3,4,4,3,3,4,3,4,3,3,3,4,3,2,63,63
1,2,1,1,1,2,2,1,2,0,1,1,1,0,2,1,0,1,3,1,2,26,36
3,3,3,2,3,4,3,3,3,2,1,2,3,2,3,4,1,2,4,3,4,58,63
3,4,4,4,3,3,3,2,4,3,3,4,3,4,3,3,3,3,2,4,4,69,60
4,2,2,2,3,3,1,0,3,1,2,1,3,2,2,2,2,2,3,3,3,46,43
2,3,3,2,3,4,3,2,3,3,2,3,3,3,2,2,2,4,3,3,2,57,53
2,2,1,2,1,1,0,2,0,1,3,1,2,0,1,2,1,1,1,2,2,28,28
1,0,1,2,1,1,1,2,0,0,0,3,0,1,3,1,1,1,1,0,2,22,32
1,1,2,3,2,4,2,2,2,4,3,3,4,3,2,1,3,1,3,2,2,50,49
1,1,2,1,1,1,2,0,2,3,1,1,3,1,1,1,0,3,1,1,1,28,27
3,2,3,1,0,1,2,1,1,2,2,3,3,2,0,0,1,2,0,2,3,34,0
3,1,2,3,1,1,3,2,2,2,2,3,3,2,3,3,3,3,1,1,2,46,46
0,2,0,2,2,1,1,0,1,1,0,1,2,1,1,2,0,0,1,1,1,20,25
3,1,0,0,3,1,2,0,2,2,1,2,2,1,1,1,1,0,3,1,1,28,30
3,3,2,2,0,2,1,2,0,2,1,3,2,0,1,0,2,2,0,3,2,33,32
4,3,3,2,3,4,2,2,3,2,3,3,2,2,3,2,0,3,4,3,2,55,62
3,1,2,3,3,4,1,3,2,3,2,3,3,4,3,1,3,2,3,3,2,54,59
1,1,0,1,1,1,1,1,1,3,1,3,1,2,0,2,2,1,1,1,2,27,25
3,3,2,2,4,4,2,4,1,3,2,4,2,2,3,2,2,3,1,4,4,57,56
3,3,4,2,3,2,1,3,2,2,2,3,2,2,3,2,3,1,4,2,4,53,54
2,2,3,2,3,3,3,2,4,3,3,3,3,3,4,3,3,2,3,3,4,61,57
1,0,1,3,3,3,2,3,1,2,3,3,2,3,2,1,1,2,2,2,2,42,45
0,2,1,3,1,2,3,1,2,1,1,2,1,2,2,2,1,2,1,2,3,35,36
0,0,1,1,2,1,2,2,1,0,0,1,0,1,3,1,1,1,2,1,2,23,32
3,2,2,3,2,2,1,2,2,4,3,1,2,2,2,2,2,1,2,1,2,43,43
2,4,4,3,4,4,3,4,3,2,4,3,3,4,3,4,3,3,3,3,2,68,64
3,2,2,1,3,1,3,2,2,1,4,1,1,1,3,2,2,2,3,4,1,44,45
3,3,3,2,3,3,4,3,2,4,1,3,3,4,3,4,3,3,4,3,3,64,63
1,0,2,0,2,2,3,3,2,2,1,4,2,2,3,3,4,3,0,2,3,44,34
2,4,4,4,3,4,4,4,3,4,3,3,4,3,2,2,3,3,3,3,3,68,65
2,0,1,1,1,3,0,1,1,1,0,0,0,2,3,2,1,2,1,2,0,24,32
2,2,2,2,2,1,2,3,1,1,2,2,1,1,1,0,2,3,2,0,1,33,39
4,4,2,3,4,4,3,3,3,2,4,4,3,3,3,2,3,3,3,4,4,68,65
1,1,0,1,1,3,2,1,1,1,1,0,2,2,2,0,2,1,2,1,2,27,36
4,3,3,4,3,2,2,3,3,4,2,3,2,2,3,4,3,3,3,2,3,61,62
3,1,1,1,1,2,1,2,1,0,1,2,2,2,1,1,1,0,0,2,2,27,30
4,3,3,3,4,4,2,2,3,2,4,2,1,3,2,3,4,3,3,3,3,61,60
2,4,4,3,4,3,3,4,4,2,3,3,3,3,4,4,3,3,4,3,3,69,65
3,4,3,3,4,3,4,3,3,3,3,4,4,3,4,3,4,4,3,3,2,70,65
0,1,2,1,1,0,2,1,1,1,0,1,2,1,0,1,2,1,2,2,1,23,25
3,2,3,2,4,3,4,4,3,3,2,4,4,3,3,4,3,3,3,4,4,68,64
3,3,4,3,2,4,3,2,3,3,3,3,3,4,4,3,4,4,3,3,4,68,63
2,1,1,2,1,1,0,1,1,1,2,1,3,1,1,2,1,3,0,1,3,29,25
3,3,2,2,4,3,3,3,3,3,3,2,2,3,4,3,4,2,3,2,1,58,62
3,2,3,2,3,2,3,4,3,3,2,2,1,3,3,3,3,2,4,3,2,56,62
2,0,3,2,1,3,1,1,2,1,3,2,0,3,3,4,1,2,3,4,2,43,42
3,3,4,2,2,3,3,3,3,1,1,2,3,3,2,2,0,3,2,2,3,50,53
3,2,3,3,4,4,3,2,4,4,3,4,3,4,4,4,3,3,4,3,4,71,65
2,3,4,4,4,4,3,4,3,3,3,3,4,3,3,3,4,4,4,3,4,72,67
1,3,1,1,1,1,0,2,1,0,2,0,2,1,1,2,0,2,0,1,3,25,26
2,1,0,3,1,1,0,2,1,2,1,2,3,2,1,1,1,0,1,2,1,28,30
4,3,3,4,4,2,2,3,4,4,3,1,3,4,4,3,3,1,4,3,3,65,66
3,4,1,3,3,4,4,4,3,2,3,2,4,3,4,4,2,3,3,4,3,66,68
4,4,3,4,3,4,3,3,3,3,3,3,2,4,4,3,3,4,4,3,2,69,70
1,1,0,1,4,1,2,0,1,2,1,1,1,1,1,0,1,1,1,1,0,22,27
2,2,4,3,3,3,2,3,3,3,3,3,3,3,3,2,3,3,3,3,4,61,57
3,2,3,3,4,3,2,3,4,4,2,2,3,4,3,3,3,3,3,3,2,62,60
2,3,2,4,3,3,4,3,4,4,4,3,3,3,3,3,2,4,2,3,3,65,62
1,0,1,2,0,2,2,1,1,1,1,1,2,1,1,1,3,0,1,0,0,22,30
3,3,3,3,2,2,4,3,3,2,3,3,3,3,3,4,4,3,2,3,4,63,60
2,2,4,3,2,3,2,2,2,1,2,2,1,2,1,2,1,3,2,1,2,42,43
1,1,2,4,2,3,1,3,2,3,4,4,4,4,3,3,3,3,2,2,2,56,48
3,2,3,3,2,3,3,3,3,1,4,2,4,3,1,3,3,4,3,2,3,58,57
2,4,2,3,3,3,4,2,2,4,3,2,2,2,4,2,3,4,4,3,2,60,64
1,1,2,2,1,1,1,2,2,2,1,3,0,1,1,1,1,1,2,2,1,29,31
3,2,3,3,3,3,3,3,2,3,2,1,2,3,3,4,4,2,3,2,2,56,62
2,0,2,1,2,1,1,0,1,1,1,1,1,2,0,3,2,3,2,0,3,29,26
3,3,3,3,3,4,2,3,3,2,1,2,3,3,3,2,2,2,4,2,3,56,63
1,2,1,0,1,1,2,0,1,2,1,2,1,1,1,0,1,1,1,3,3,26,26
3,4,4,4,2,4,3,4,3,4,3,4,3,1,4,3,2,3,4,4,4,70,70
2,3,3,3,2,3,2,4,0,3,2,3,2,4,3,3,3,2,2,3,1,53,56
4,3,3,3,3,1,3,3,4,2,4,3,4,3,4,4,4,3,2,3,4,67,60
1,1,1,1,2,0,2,2,1,1,0,1,1,1,3,2,1,2,0,1,2,26,28
2,1,2,0,2,1,1,1,1,0,2,1,2,1,1,0,1,0,2,1,2,24,27
3,2,2,3,2,3,1,1,1,2,1,0,3,2,1,3,3,2,2,3,1,41,41
3,3,4,4,3,4,2,2,2,4,4,3,2,3,3,4,2,2,4,2,4,64,63
1,2,2,2,2,2,4,3,2,3,2,2,4,3,2,1,3,3,3,2,3,51,50
1,1,0,2,2,2,0,1,1,0,3,1,3,1,2,1,0,1,1,3,1,27,28
3,1,4,1,2,1,2,4,1,2,1,2,2,2,2,2,1,2,2,2,2,41,43
2,0,1,1,2,0,2,2,1,1,0,0,3,0,1,3,1,2,0,2,2,26,27
3,2,2,2,2,3,2,3,3,1,0,1,2,2,3,2,1,1,3,4,4,46,57
2,3,3,3,3,2,3,3,1,3,3,3,3,3,3,3,3,3,1,4,3,58,50
4,3,4,4,1,3,2,3,3,3,4,2,3,3,3,2,2,2,3,3,3,60,64
2,4,3,4,4,3,4,4,2,2,4,4,4,4,2,3,2,4,4,3,3,69,65
3,2,3,3,3,4,4,4,3,3,3,3,3,4,2,4,4,3,3,3,2,66,65
3,4,2,3,4,3,2,1,4,3,4,3,3,2,3,4,4,4,4,3,2,65,57
4,4,3,3,3,3,4,4,4,4,1,2,3,4,3,4,3,3,3,2,4,68,67
2,3,4,4,4,4,4,2,4,3,1,3,4,3,3,4,3,3,3,3,3,67,63
4,4,4,3,4,4,3,4,3,4,3,4,3,3,3,4,3,3,4,3,3,73,68
1,0,1,2,3,2,1,2,3,1,3,2,3,2,2,3,2,3,2,3,2,43,36
1,2,1,0,1,1,1,0,2,1,3,2,0,1,2,2,3,3,0,1,1,28,24
3,2,4,4,2,2,4,3,2,1,3,3,3,2,4,4,3,3,4,4,2,62,67
2,3,3,3,2,2,4,2,1,3,3,1,1,2,2,1,2,2,2,3,2,46,50
1,1,2,1,2,0,1,0,1,0,2,1,1,0,2,1,2,1,0,1,2,22,23
2,3,2,3,2,4,3,4,3,3,3,4,4,3,4,4,3,3,2,2,4,65,63
2,2,2,2,1,2,2,1,1,1,2,1,1,0,1,2,1,0,1,0,3,28,33
3,3,3,3,3,3,3,3,2,3,2,2,3,3,3,2,2,2,3,2,1,54,62
4,3,2,2,1,4,3,1,4,3,3,1,2,3,2,2,3,1,2,4,2,52,52
2,3,2,1,1,2,1,1,1,1,3,1,2,1,1,2,1,2,0,2,1,31,26
1,1,2,1,1,0,0,1,1,0,1,1,2,1,1,1,1,3,0,2,2,23,23
3,2,1,4,1,4,3,2,2,2,3,3,3,2,2,2,1,2,2,3,2,49,59
1,2,0,3,0,2,1,2,2,2,2,0,0,1,1,0,1,3,1,1,1,26,33
3,3,3,4,3,3,2,4,2,3,3,4,3,4,3,3,4,3,4,3,4,68,65
4,4,2,3,3,4,3,3,4,2,3,2,3,4,4,3,2,3,2,3,3,64,65
3,2,3,1,2,3,2,2,3,3,1,2,3,2,3,1,3,2,3,3,2,49,50
2,1,3,3,4,2,3,2,3,3,3,2,3,1,1,4,1,0,1,2,1,45,41
3,4,3,4,3,3,4,4,4,4,3,1,2,4,3,3,4,3,3,3,3,68,67
3,3,4,2,3,3,1,2,4,4,4,3,3,3,2,3,2,3,3,4,2,61,46
3,2,3,4,3,1,2,3,0,3,3,3,3,4,3,3,2,3,1,4,3,56,50
1,0,0,1,2,2,1,3,1,1,3,2,1,3,2,2,2,1,2,2,2,34,36
1,3,0,3,2,2,0,3,1,3,3,1,1,1,1,2,3,2,2,0,2,36,36
2,3,3,3,4,3,3,3,4,3,2,4,3,3,2,3,3,4,4,2,2,63,60
1,1,1,3,0,2,1,1,2,1,1,1,1,2,1,0,2,2,3,0,1,27,36
2,3,4,3,2,3,3,2,4,3,3,4,2,2,3,3,3,2,2,2,2,57,53
2,0,1,1,2,1,3,2,1,3,1,1,1,1,2,1,1,1,1,0,0,26,36
2,3,2,3,3,4,1,3,3,2,3,4,4,4,4,3,4,2,4,4,3,65,61
3,2,3,3,3,4,4,2,3,3,4,3,2,3,4,4,1,3,2,3,2,61,63
2,1,1,1,1,2,2,0,2,2,2,1,1,0,3,1,3,0,3,0,1,29,38
3,3,4,3,3,1,1,3,4,1,4,4,3,3,3,3,2,3,4,3,3,61,54
3,4,4,4,2,3,3,3,2,4,3,4,4,3,4,3,2,3,4,2,2,66,67
1,3,1,0,0,1,1,1,2,2,1,0,1,0,1,2,1,2,2,2,0,24,26
0,1,2,2,3,2,3,3,0,1,2,1,2,2,2,2,2,2,4,2,0,38,47
3,1,1,2,3,3,2,1,1,2,2,3,1,2,2,2,2,3,2,2,2,42,43
4,3,3,3,4,4,3,3,3,3,4,3,4,2,4,3,3,4,4,4,2,70,68
0,1,1,3,2,4,3,2,3,2,3,3,1,1,1,1,2,3,1,1,2,40,40
3,4,3,3,2,4,4,3,4,4,3,3,3,4,3,3,3,3,2,2,3,66,63
2,1,3,3,2,2,2,0,3,2,1,3,2,2,3,2,1,3,3,1,2,43,43
3,3,4,2,3,2,4,3,3,3,3,3,4,3,3,4,4,3,4,4,3,68,62
4,2,3,3,2,3,3,2,2,2,3,3,4,4,2,2,3,2,3,2,3,57,60
0,1,1,3,2,1,2,1,0,2,0,1,1,3,1,1,1,0,3,1,1,26,33
2,3,1,1,2,1,2,1,2,3,2,1,0,1,2,1,1,2,1,1,1,31,30
2,2,2,4,1,3,2,2,1,3,2,2,3,2,2,2,2,1,2,2,3,45,50
3,2,2,3,2,3,2,2,1,2,2,3,0,0,2,1,2,2,2,1,3,40,50
1,3,4,2,2,4,3,2,2,3,3,3,2,3,4,3,2,3,3,3,2,57,56
3,3,3,3,4,3,3,3,3,2,1,2,3,2,2,2,3,4,3,3,3,58,60
3,2,4,3,3,3,3,3,3,3,2,2,3,3,2,3,1,3,2,3,4,58,57
2,1,1,3,2,2,1,2,0,2,2,2,3,1,3,2,2,3,2,2,4,42,42
4,4,2,3,3,0,2,3,3,3,3,3,2,4,1,3,3,3,2,3,3,57,42
2,2,2,2,2,2,3,4,2,3,1,2,4,4,3,3,2,2,4,2,4,55,60
4,3,3,3,3,3,4,4,2,3,2,2,3,4,4,3,1,3,3,3,2,62,69
0,2,1,2,2,2,2,2,1,2,2,2,3,2,1,1,3,4,2,1,2,39,33
2,2,1,0,0,2,0,2,0,1,0,1,1,0,1,2,2,2,1,1,2,23,27
2,3,3,3,3,2,1,4,2,3,3,2,3,3,3,3,2,2,4,3,3,57,57
4,4,3,3,2,2,3,4,2,3,1,4,4,3,2,3,4,2,3,3,2,61,62
3,3,3,4,2,3,3,2,3,3,4,3,3,2,2,3,4,3,3,2,3,61,60
2,2,1,0,0,2,1,1,2,2,1,1,1,1,1,1,2,2,2,1,1,27,28
2,2,2,3,4,3,1,1,2,0,0,1,1,2,3,2,3,1,3,2,3,41,45
3,3,3,4,3,4,4,4,2,3,4,4,4,3,2,3,3,4,3,3,4,70,67
3,4,4,4,3,2,3,4,3,4,4,4,3,4,4,4,3,2,2,4,3,71,64
3,4,3,4,3,2,3,2,4,3,4,3,4,3,2,3,2,2,3,2,3,62,58
2,3,4,3,3,2,4,3,4,3,2,2,3,3,3,3,3,2,3,4,4,63,60
2,2,2,1,1,1,1,3,1,1,2,2,1,2,1,1,2,0,3,0,2,31,36
0,1,1,1,2,1,2,3,1,0,1,1,3,2,0,3,0,1,1,0,2,26,27
2,3,1,2,2,1,2,1,2,1,0,2,1,0,0,1,2,1,1,2,1,28,28
2,2,3,3,3,4,2,2,3,3,3,2,4,3,3,3,3,3,2,3,2,58,53
3,2,2,1,3,2,3,2,3,3,2,3,3,2,2,0,2,2,3,1,2,46,46
0,1,1,0,1,1,1,2,0,2,1,1,0,1,0,0,1,3,1,1,0,18,23
2,1,2,3,1,3,1,3,3,2,2,2,3,1,3,3,4,3,3,2,3,50,52
2,4,3,3,3,2,3,3,3,2,3,2,4,4,3,3,4,4,3,3,2,63,57
2,1,1,1,2,1,1,1,0,2,2,1,2,0,2,2,0,1,0,1,1,24,27
0,2,2,2,0,0,0,1,2,3,3,2,1,2,1,2,0,0,2,2,1,28,25
3,2,4,4,4,3,3,3,3,3,3,3,4,4,4,4,3,3,3,4,3,70,65
4,3,2,2,2,3,3,2,2,2,4,3,3,1,2,2,3,4,2,3,3,55,53
3,4,4,2,3,4,4,3,3,4,3,4,3,3,4,3,3,4,3,3,4,71,65
1,2,2,2,2,2,2,3,2,3,0,2,1,2,3,2,2,2,2,3,0,40,42
2,1,2,1,3,1,3,1,2,1,2,2,2,2,2,1,1,2,3,3,0,37,39
2,1,2,4,2,2,0,1,0,1,1,1,1,1,1,2,1,1,2,0,2,28,35
3,1,3,4,3,4,2,4,3,4,4,2,4,4,3,4,3,4,3,4,3,69,65
2,1,1,1,1,2,1,1,1,1,1,1,0,0,2,2,0,3,1,2,1,25,30
1,1,2,3,1,1,1,1,2,2,2,3,3,1,3,2,2,3,2,2,3,41,34
1,4,2,3,2,2,2,2,1,0,2,3,2,3,2,1,2,1,3,1,4,43,43
3,4,3,1,3,1,4,4,2,2,4,4,3,3,3,4,3,4,3,4,3,65,57
3,3,4,2,2,3,2,2,2,4,4,3,2,3,2,2,3,4,3,4,4,61,50
3,3,3,0,1,1,0,3,2,1,1,2,1,0,1,0,0,2,1,2,1,28,28
3,3,4,3,3,2,3,4,3,4,4,4,3,3,3,2,3,3,3,3,3,66,62
1,1,1,1,2,1,0,2,0,1,3,2,0,0,2,2,1,2,1,1,0,24,27
4,2,2,3,3,3,4,4,2,0,2,4,3,4,3,3,4,3,3,2,4,62,67
2,3,2,3,1,2,3,2,1,0,1,1,1,1,0,0,1,0,1,1,0,26,39
1,1,0,1,0,1,1,1,2,1,0,1,2,0,1,1,1,1,1,1,2,20,26
2,3,4,4,3,4,3,2,4,4,3,3,4,4,3,4,3,3,3,4,4,71,62
2,2,3,4,3,4,3,3,2,3,2,3,4,4,3,3,3,3,3,4,3,64,63
3,3,3,3,3,4,2,4,3,3,4,4,4,3,2,4,3,4,3,3,2,67,62
3,3,4,2,3,3,3,4,3,4,4,4,2,4,3,3,3,3,3,3,3,67,62
3,3,4,3,4,2,4,3,4,4,3,4,3,3,4,3,3,3,3,3,4,70,64
3,4,3,3,3,4,3,3,3,4,4,3,3,3,3,3,3,3,4,2,4,68,65
4,4,3,3,3,3,4,4,4,4,2,3,3,3,4,4,3,2,3,2,4,69,69
0,2,1,0,2,3,1,1,3,3,1,1,1,1,2,2,1,3,1,2,3,34,27
2,3,3,2,2,2,2,1,1,3,4,2,2,4,3,1,3,1,2,2,1,46,40
1,1,1,2,1,3,3,3,3,1,3,1,2,1,2,2,2,2,1,1,2,38,42
3,4,3,4,3,4,3,4,4,4,2,4,3,3,4,2,4,2,3,4,2,69,68
4,2,2,3,3,3,2,3,1,3,3,2,3,4,3,1,3,3,3,2,3,56,62
1,3,1,2,1,2,1,2,0,2,2,2,1,1,3,1,1,0,0,3,0,29,32
2,3,4,3,3,3,3,3,2,3,3,3,3,4,2,2,4,2,3,3,2,60,57
3,2,2,1,1,2,1,4,2,0,3,2,2,2,2,3,3,2,1,3,2,43,40
1,3,2,2,2,1,2,3,2,4,3,1,2,3,3,2,2,1,2,2,1,44,40
4,3,3,3,4,3,3,4,2,3,3,2,4,4,2,4,3,4,3,3,3,67,64
3,1,1,1,2,1,3,2,1,2,1,3,2,3,3,2,3,1,1,1,3,40,40
3,2,2,0,1,2,2,3,3,1,1,3,3,0,2,1,2,3,3,4,2,43,43
4,4,2,4,3,3,4,2,2,3,3,4,4,2,4,3,3,3,3,2,3,65,67
3,3,2,1,1,1,2,3,3,2,2,3,2,1,3,1,3,1,4,1,3,45,50
3,1,1,0,1,2,0,1,0,1,2,1,2,1,2,0,1,1,1,1,2,24,28
2,0,3,1,0,1,2,1,1,2,2,1,2,1,1,2,0,2,1,0,1,26,28
4,4,3,3,3,3,2,4,3,3,1,3,2,3,2,3,3,3,2,2,4,60,60
2,4,0,3,0,0,2,2,4,2,1,2,1,3,1,1,3,3,3,2,2,41,39
0,1,2,0,1,2,1,3,1,2,1,1,2,2,1,1,0,1,2,0,2,26,26
1,2,2,2,1,2,3,4,3,2,2,2,1,1,1,2,2,4,2,2,3,44,44
3,3,3,3,3,4,3,3,4,3,3,2,3,3,4,4,3,4,2,4,3,67,63
3,3,4,4,3,4,4,3,4,2,4,4,3,4,3,3,4,3,2,4,3,71,65
2,2,1,1,2,3,2,4,1,2,1,1,1,2,3,2,1,2,2,2,3,40,49
3,3,3,1,3,2,3,2,1,3,4,2,3,1,2,3,3,3,4,2,3,54,49
2,3,1,3,1,2,1,3,3,3,2,2,2,3,3,2,4,2,1,2,2,47,42
3,1,3,3,2,3,3,2,3,2,4,4,1,3,4,2,2,3,3,2,3,56,62
3,1,4,3,3,1,4,3,2,3,4,3,3,3,3,2,3,2,4,3,4,61,62
4,4,3,4,3,3,3,3,4,2,3,4,2,3,2,3,3,3,4,4,4,68,65
1,2,2,3,2,2,1,3,2,2,2,2,3,2,2,2,1,2,2,2,2,42,40
2,3,1,1,0,2,2,1,0,2,1,1,3,2,1,1,0,2,1,2,2,30,30
2,3,1,2,2,1,2,2,1,1,3,3,3,3,2,2,2,2,1,2,0,40,36
0,2,2,1,1,2,0,3,2,1,1,1,2,1,1,0,0,1,1,1,2,25,25
3,3,4,3,4,2,3,2,3,3,2,1,4,4,2,3,2,3,2,3,3,59,50
4,3,2,3,2,2,3,2,2,2,3,3,4,4,2,3,4,2,3,3,2,58,57
2,3,4,3,4,3,4,3,4,1,3,3,4,4,3,4,4,4,3,4,3,70,62
1,3,2,3,2,3,3,3,2,3,3,3,3,2,2,2,1,4,3,3,4,55,54
3,3,4,3,2,4,3,2,3,3,4,4,4,4,3,4,4,3,3,4,3,70,62
3,1,3,0,1,1,1,1,1,3,2,2,0,0,2,2,1,1,1,2,1,29,28
3,4,4,3,4,2,3,4,4,3,4,3,4,3,4,4,4,2,3,3,4,72,64
3,1,3,2,3,2,4,0,3,1,3,4,3,3,3,1,3,2,4,2,3,53,51
2,3,3,3,2,3,3,2,3,3,2,3,3,4,3,1,3,4,3,4,3,60,57
3,4,3,2,4,4,4,2,4,3,3,2,4,4,1,4,2,3,3,3,1,63,55
2,2,3,3,3,2,2,4,2,4,3,2,2,4,2,1,3,3,3,4,0,54,54
2,2,3,3,3,4,3,3,3,3,3,4,2,3,3,2,3,3,3,2,2,59,62
3,1,0,1,0,2,1,1,0,2,1,1,1,1,2,1,2,2,3,1,1,27,38
1,1,1,2,2,1,2,0,2,1,0,1,0,1,1,3,0,1,0,1,2,23,26
4,2,2,4,3,3,3,4,2,3,3,3,3,2,4,4,4,3,3,3,3,65,69
3,2,2,0,3,0,2,3,2,2,1,4,2,2,1,2,2,1,3,3,3,43,35
2,1,1,3,3,0,2,0,1,0,0,2,0,1,1,0,3,0,2,1,2,25,30
4,3,3,3,3,3,3,2,4,2,2,4,3,3,2,3,2,2,4,2,3,60,62
3,3,0,2,1,1,2,3,1,2,3,1,3,2,2,2,1,2,1,2,2,39,40
4,4,2,3,3,3,3,3,3,3,3,4,4,4,4,3,4,3,4,3,3,70,67
3,3,3,4,3,3,4,4,4,4,2,3,3,4,2,4,3,4,4,2,3,69,67
2,2,3,1,1,1,0,2,1,2,3,1,1,1,0,1,0,1,1,1,2,27,26
2,1,4,3,2,3,2,3,2,1,3,2,1,2,1,1,3,2,2,0,2,42,46
3,3,3,4,4,3,3,2,2,3,3,4,4,4,4,4,3,4,2,4,4,70,62
3,4,2,1,4,2,1,3,3,1,1,3,2,3,3,3,3,3,3,3,1,52,46
1,2,2,2,3,2,2,1,2,1,3,1,2,3,2,3,2,1,2,3,2,42,36
4,3,2,2,2,2,2,0,2,3,1,2,3,4,0,1,2,1,2,3,2,43,32
4,3,3,3,4,4,4,4,3,3,2,3,3,3,3,3,3,4,4,3,4,70,70
2,2,1,2,0,0,1,0,2,2,2,1,0,3,1,1,2,2,1,1,1,27,25
0,1,0,2,2,1,2,2,1,0,0,2,1,2,1,3,2,1,1,1,1,26,29
4,3,4,3,4,4,3,3,3,4,4,4,4,2,2,4,1,3,3,3,2,67,63
3,3,3,2,2,3,2,1,2,3,0,2,2,4,3,1,2,2,2,4,2,48,46
0,2,1,1,1,1,1,2,1,0,1,2,0,2,1,2,1,1,1,0,1,22,27
2,0,3,1,2,1,0,1,2,3,1,0,0,2,0,1,1,3,2,2,2,29,25
2,3,3,1,2,2,2,2,2,2,2,2,2,2,1,2,4,3,3,3,2,47,39
2,4,4,3,4,4,4,4,4,3,3,2,4,3,3,3,4,3,3,3,4,71,65
0,1,0,2,1,2,1,1,2,1,1,3,0,1,1,0,2,2,2,1,2,26,28
0,0,2,0,0,2,1,2,1,1,2,2,0,1,2,1,2,1,1,2,0,23,27
2,4,3,1,3,3,0,2,3,3,0,1,1,2,2,1,0,3,2,3,1,40,36
4,2,3,3,4,4,3,4,3,4,3,3,4,4,3,4,4,4,3,2,3,71,67
3,3,1,3,2,1,2,2,2,3,0,2,0,2,3,3,2,2,1,2,2,41,43
4,2,3,3,4,3,3,2,4,4,3,1,2,3,3,2,3,3,3,3,3,61,62
4,2,2,2,2,2,1,2,2,2,2,3,4,3,2,1,2,2,2,2,2,46,43
4,3,3,3,3,3,2,3,3,4,2,3,2,3,3,3,2,3,3,4,4,63,62
3,0,3,2,3,3,1,2,2,3,2,3,3,1,3,2,4,3,4,4,2,53,54
3,3,4,3,4,3,2,3,4,4,3,4,3,4,3,2,3,3,3,3,3,67,60
3,4,3,2,4,3,3,3,4,4,3,3,3,2,3,3,3,3,4,4,4,68,62
0,1,1,1,1,2,1,2,2,1,1,3,2,1,0,0,1,1,1,1,1,24,26
1,2,2,1,1,0,0,1,1,0,0,1,1,2,1,1,3,1,2,2,1,24,25
3,3,4,3,3,4,2,4,3,3,4,3,1,4,3,4,3,3,3,4,4,68,63
1,2,1,1,1,1,2,1,0,1,0,1,2,3,2,3,1,0,2,1,2,28,30
1,2,2,1,2,0,0,1,2,2,2,2,2,1,0,1,0,2,0,1,1,25,22
3,3,4,3,3,3,3,3,3,3,3,4,4,3,2,4,3,4,3,2,4,67,60
2,3,2,3,3,3,4,3,2,4,3,2,4,1,2,3,2,3,4,2,3,58,62
4,4,4,2,4,3,4,3,3,3,4,4,4,3,3,3,3,4,4,3,3,72,65
2,3,2,3,2,3,3,3,1,3,3,4,4,2,2,3,2,3,3,2,2,55,57
2,4,4,3,3,4,3,3,3,3,3,3,3,3,3,3,3,3,4,3,4,67,64
2,2,2,3,2,1,2,1,2,2,3,1,2,2,3,3,2,4,2,3,2,46,40
3,1,3,4,4,4,3,3,4,4,4,4,3,3,4,4,4,3,3,4,3,72,67
4,3,2,4,2,1,3,2,3,2,2,2,2,2,2,2,4,3,3,2,4,54,58
3,0,1,1,2,1,1,3,2,2,0,1,1,2,1,1,1,1,0,1,1,26,30
3,2,2,1,2,3,4,1,1,1,2,1,3,2,2,3,1,1,1,3,1,40,41
2,3,2,4,2,3,3,4,4,3,4,4,4,3,3,3,2,2,3,4,2,64,64
4,3,3,4,1,2,4,3,0,2,0,0,2,2,2,2,2,3,3,3,3,48,64
2,3,3,2,3,3,1,4,3,3,3,2,3,2,2,2,1,3,2,2,2,51,45
4,2,4,4,3,4,4,4,3,2,4,4,2,3,4,4,4,4,3,3,1,70,72
4,4,2,3,3,3,3,4,3,3,3,3,3,2,3,3,3,3,4,4,2,65,67
3,4,4,3,3,4,3,4,4,3,4,3,3,3,3,3,3,4,4,3,4,72,67
1,3,2,3,1,2,3,2,2,2,3,0,3,2,1,2,3,0,2,3,3,43,41
2,4,3,2,3,2,2,1,4,3,3,3,4,3,4,2,4,4,3,3,4,63,45
3,3,3,4,3,3,4,4,3,2,3,3,4,3,3,4,4,3,3,3,4,69,67
3,1,1,3,4,3,1,1,4,3,2,2,3,4,1,2,3,3,3,3,3,53,43
3,3,2,4,1,1,2,3,3,3,2,2,2,3,3,4,3,2,3,1,2,52,58
2,2,2,1,2,1,0,1,1,2,2,1,1,1,1,1,1,1,2,1,0,26,27
3,2,2,3,3,4,2,3,3,4,4,4,3,4,3,4,4,4,3,3,4,69,62
0,0,2,2,1,1,1,1,1,3,3,1,4,2,2,2,2,2,2,3,0,35,28
2,1,2,1,1,2,4,1,3,1,2,2,1,2,4,2,3,2,3,3,3,45,49
2,2,0,2,2,1,1,2,1,0,1,2,0,1,1,1,1,3,1,3,3,30,30
2,2,1,2,1,4,2,3,2,3,2,1,3,3,1,3,1,3,3,3,0,45,50
1,2,2,1,3,2,3,2,2,0,0,0,1,1,1,2,2,3,1,0,1,30,33
3,3,0,2,1,2,2,1,2,3,2,1,0,2,2,2,3,2,2,1,3,39,41
0,3,1,0,1,1,0,0,1,2,0,0,1,1,1,1,1,3,2,2,2,23,23
2,2,1,3,4,3,4,3,2,3,1,3,2,2,2,2,2,2,3,3,3,52,60
4,3,3,3,2,3,4,3,4,2,3,4,3,3,3,2,4,3,4,3,2,65,67
1,2,0,3,1,3,2,1,1,1,1,3,1,1,1,3,3,3,2,1,3,37,39
2,0,1,2,2,1,2,1,2,3,4,1,1,2,3,1,2,0,2,2,1,35,38
4,3,3,4,3,2,2,4,3,3,4,4,2,4,4,3,3,4,3,3,3,68,66
4,4,3,1,2,3,4,3,3,2,3,1,3,4,2,2,4,3,1,2,3,57,52
2,1,1,1,2,0,1,2,1,1,1,2,1,2,1,2,0,1,1,2,1,26,27
2,1,1,2,2,0,0,0,0,1,0,2,1,1,1,1,3,2,2,2,1,25,26
3,2,0,1,2,1,2,3,2,1,3,1,1,3,1,3,2,2,3,2,4,42,41
1,3,4,3,3,2,3,2,3,2,4,4,3,3,3,2,3,4,3,3,3,61,50
3,1,1,1,2,3,3,0,1,3,3,2,3,2,0,1,1,3,2,3,2,40,32
2,2,3,3,0,3,3,1,3,1,2,3,1,3,1,1,0,3,0,3,1,39,38
4,2,2,4,4,3,4,2,2,2,3,3,2,3,2,4,4,3,0,0,1,54,57
1,1,1,2,1,1,2,1,1,3,2,1,2,2,3,1,1,4,3,3,1,37,38
1,1,2,1,1,0,2,0,2,1,3,1,1,1,0,2,1,2,2,1,1,26,25
2,1,1,1,0,0,3,1,0,2,3,2,2,2,2,2,1,2,1,1,0,29,30
2,3,0,4,0,1,2,2,2,2,1,0,1,2,1,2,2,1,1,1,0,30,39
4,4,3,3,2,3,3,3,2,2,4,4,3,3,3,4,1,3,4,4,3,65,65
0,1,2,2,3,3,1,2,0,1,0,1,1,2,2,1,2,2,2,0,1,29,36
1,0,0,0,1,1,3,0,1,1,3,2,0,1,1,3,3,0,1,0,3,25,0
3,3,2,1,3,3,2,3,2,3,2,2,1,2,2,2,2,2,2,2,2,46,46
3,2,1,3,2,1,2,3,0,2,2,2,0,2,1,1,0,1,2,2,2,34,44
1,2,1,2,2,1,1,1,2,1,2,1,1,3,1,2,1,0,1,1,2,29,27
1,2,2,2,1,3,3,2,2,3,1,2,2,3,3,3,0,3,2,2,3,45,45
1,2,0,2,1,0,2,1,0,3,2,1,1,1,1,1,2,2,1,1,0,25,27
1,0,3,0,1,2,0,0,1,2,2,2,1,1,1,1,1,1,1,0,1,22,24
1,0,1,1,1,1,0,0,1,3,2,2,2,1,3,2,0,2,2,2,1,28,27
3,3,3,3,4,4,3,3,4,3,4,2,4,4,3,2,4,4,4,3,3,70,65
2,3,4,3,3,2,3,2,3,4,4,2,3,3,4,3,3,2,1,3,4,61,49
2,4,3,4,2,3,3,3,3,3,4,4,4,3,2,3,3,2,3,3,2,63,60
2,1,1,3,2,2,3,0,2,1,1,2,0,3,0,0,3,3,1,3,3,36,31
2,2,1,3,2,2,2,3,1,2,2,2,3,2,3,1,3,3,1,1,3,44,46
4,3,4,4,3,3,2,4,3,3,2,4,4,2,4,4,2,3,2,3,4,67,65
2,3,2,1,1,1,2,2,1,1,1,1,3,3,3,3,2,3,3,0,3,41,40
2,3,3,2,1,4,3,1,3,2,2,1,1,3,1,1,1,2,2,2,1,41,43
4,3,2,3,4,2,3,4,2,3,3,3,3,3,3,2,3,2,4,2,4,62,66
2,3,4,4,3,3,4,4,4,4,4,3,3,3,3,4,4,3,3,4,3,72,65
2,2,2,3,3,3,3,3,4,1,3,2,3,2,3,2,3,4,2,3,4,57,57
2,2,4,2,1,1,1,4,1,2,2,2,2,3,1,1,1,3,2,2,1,40,38
3,3,4,4,2,4,3,4,3,3,3,4,3,3,3,4,4,3,4,2,3,69,69
2,3,2,2,3,2,3,2,3,3,3,2,3,3,3,4,2,3,3,3,3,57,50
3,3,2,2,4,3,3,2,4,2,4,3,2,4,3,2,4,3,1,4,3,61,49
3,3,2,1,2,3,2,2,2,0,1,1,3,2,4,1,2,3,1,1,2,41,45
3,3,3,3,3,3,3,3,4,3,3,3,2,3,3,4,2,2,3,3,3,62,62
2,3,3,3,3,3,3,3,3,4,2,2,3,2,3,4,4,3,3,3,3,62,60
2,1,0,4,0,1,1,1,1,1,0,0,4,1,1,0,1,1,1,3,2,26,32
2,2,1,1,1,0,0,2,1,1,1,1,3,1,0,1,1,0,2,1,1,23,27
2,3,4,2,4,4,2,4,2,2,3,3,2,3,3,3,3,3,2,4,2,60,56
3,3,4,3,3,3,3,2,3,3,3,3,2,4,4,4,3,4,4,3,4,68,64
2,4,4,2,3,3,2,3,3,2,3,2,2,4,1,2,3,1,3,3,2,54,47
2,2,3,2,3,4,1,1,2,1,3,1,3,1,0,1,1,3,2,1,2,39,37
2,1,1,2,0,2,2,2,2,2,3,0,3,0,1,1,1,1,0,0,1,27,33
1,3,1,1,1,3,3,3,1,3,0,1,2,1,2,1,1,2,3,2,2,37,46
3,3,4,4,4,3,3,4,4,2,4,4,3,3,4,4,3,2,4,3,4,72,69
1,3,3,2,4,3,4,2,2,3,3,3,4,2,2,3,2,3,1,4,3,57,42
3,1,1,2,3,2,2,2,0,1,1,1,3,1,0,2,2,1,1,1,0,30,36
2,3,4,3,2,4,4,3,4,4,4,3,3,3,3,3,4,3,3,4,2,68,63
2,3,3,3,3,3,3,3,3,3,4,1,3,3,3,1,2,2,2,3,3,56,57
3,2,3,3,4,2,2,3,3,3,3,3,2,2,2,4,3,4,4,2,4,61,58
3,1,2,2,1,1,3,1,2,1,1,1,2,2,1,2,0,3,4,1,2,36,43
1,2,2,1,0,1,2,0,1,0,0,1,0,0,0,0,1,2,3,2,2,21,28
2,1,3,1,0,2,1,0,1,1,1,1,0,1,2,1,1,2,2,2,1,26,30
2,3,4,3,4,4,3,3,4,3,2,2,2,2,3,3,3,2,3,3,4,62,62
1,3,1,3,1,0,3,1,1,1,2,2,1,1,1,1,2,2,2,1,1,31,33
1,2,2,1,0,0,1,1,1,1,2,0,0,1,0,0,1,2,2,2,1,21,25
3,1,1,3,2,1,1,2,2,2,1,2,1,2,2,1,0,1,2,1,1,32,40
2,3,2,4,2,3,3,1,2,1,2,3,3,4,3,3,2,4,4,4,3,58,60
1,2,2,3,0,2,2,1,1,3,1,1,0,3,3,2,1,1,2,0,1,32,40
1,2,1,0,1,1,2,1,4,4,0,3,2,1,2,1,2,2,2,1,0,33,28
2,0,3,2,2,4,3,1,2,1,2,2,3,1,3,3,2,2,3,1,2,44,53
4,4,3,3,4,4,1,4,2,3,4,3,2,3,3,4,3,3,3,3,4,67,63
1,3,2,1,1,3,2,2,3,3,1,1,2,0,2,2,3,2,3,1,2,40,40
2,2,2,3,2,2,2,2,2,3,3,1,3,3,1,3,3,2,2,3,0,46,41
1,1,2,4,2,0,2,2,1,1,3,0,2,2,1,1,1,0,2,1,2,31,36
3,2,4,4,2,3,1,2,2,1,2,2,1,2,4,2,4,1,2,3,3,50,56
1,1,2,1,2,1,1,1,1,1,1,1,3,0,0,1,0,0,2,1,2,23,26
2,2,2,1,2,1,1,1,3,2,2,2,1,2,2,3,3,2,3,2,1,40,33
1,1,0,1,1,1,1,2,1,1,0,3,3,1,2,3,0,2,2,3,1,30,30
2,1,1,0,0,2,1,1,1,2,2,2,3,0,1,1,0,1,1,0,1,23,26
3,4,4,2,2,3,4,3,2,4,4,4,2,3,3,3,3,3,3,3,4,66,62
0,1,1,3,1,2,1,0,1,0,1,2,3,2,2,3,0,2,0,1,0,26,26
2,3,2,3,2,2,3,2,1,1,4,3,3,2,3,3,3,1,3,2,4,52,54
3,2,1,3,3,2,3,3,1,3,3,2,2,2,2,2,3,2,1,2,2,47,50
3,2,2,0,3,3,2,3,2,2,4,1,3,3,3,2,1,0,1,2,2,44,42
3,4,2,4,3,3,2,2,3,4,3,3,4,4,4,3,4,4,2,3,4,68,60
1,1,2,3,2,0,2,3,2,3,1,1,3,2,2,2,2,3,2,2,1,40,38
4,3,3,3,4,3,3,4,3,3,3,4,4,3,4,3,3,1,3,4,4,69,67
4,3,4,4,4,2,3,3,3,4,3,2,3,4,2,3,3,1,4,4,3,66,64
3,4,3,3,3,3,4,2,4,2,1,2,4,4,3,3,2,3,3,2,4,62,62
4,4,3,3,4,4,4,3,3,3,3,3,2,3,3,4,3,4,4,2,3,69,68
1,1,1,1,1,3,1,0,0,1,0,2,1,1,2,2,0,2,1,0,1,22,27
1,3,3,3,3,2,4,3,1,3,3,4,3,1,3,3,4,3,3,3,4,60,57
3,4,2,4,2,3,4,3,4,4,3,3,1,4,3,3,2,2,2,4,3,63,64
1,1,0,2,2,2,3,0,2,0,0,1,1,2,2,1,2,1,1,4,2,30,33
2,4,2,4,4,2,4,2,2,3,3,4,2,3,3,3,2,3,2,2,2,58,57
3,2,0,1,1,0,0,1,2,1,0,1,2,0,0,2,2,0,2,2,0,22,0
3,4,3,4,4,3,4,2,3,3,4,2,2,4,3,4,2,4,3,3,3,67,64
3,1,0,2,2,3,1,3,2,2,2,3,1,3,2,3,2,3,2,2,1,43,46
3,1,3,4,3,2,4,2,3,3,3,2,3,2,2,3,3,2,2,2,3,55,57
4,3,3,4,2,3,2,2,1,4,2,2,3,3,3,2,3,3,3,2,2,56,62
3,3,4,3,4,4,3,4,3,2,3,3,4,3,4,3,3,4,3,3,4,70,67
4,4,3,3,4,4,3,4,2,3,2,4,4,4,3,3,2,4,4,3,3,70,68
3,1,3,4,3,4,3,3,3,2,3,3,3,1,4,2,3,3,2,3,4,60,65
4,4,3,3,3,1,4,3,3,2,3,3,2,1,2,3,3,2,3,3,3,58,60
1,4,2,1,2,1,2,1,2,2,2,3,1,2,0,1,3,2,3,3,2,40,28
2,3,2,3,2,2,0,2,3,3,3,2,1,3,1,2,3,3,1,2,1,44,32
2,3,4,4,2,2,1,2,4,3,2,1,2,2,2,4,2,2,1,3,4,52,41
1,2,1,1,1,1,1,2,2,2,2,3,1,2,1,1,3,2,2,4,1,36,29
3,3,3,2,3,3,4,4,4,4,4,4,3,3,2,4,4,3,4,4,3,71,63
3,3,2,2,2,2,2,2,1,1,1,1,1,1,2,2,3,1,0,3,3,38,38
3,3,4,2,3,1,3,2,4,4,1,3,3,3,4,3,4,1,3,3,1,58,54
1,3,4,3,3,3,3,3,3,4,2,3,3,4,3,4,4,2,3,4,3,65,57
1,3,2,3,1,3,1,3,2,1,1,3,2,2,2,1,3,3,2,4,2,45,42
2,2,4,4,3,3,3,3,4,4,3,3,3,2,3,3,4,3,3,2,4,65,62
2,1,0,0,2,1,0,2,1,1,1,1,1,2,1,1,2,1,1,1,3,25,27
4,4,3,3,4,3,2,3,3,4,4,2,4,4,3,4,2,3,3,3,3,68,62
2,3,2,4,3,3,2,2,2,2,3,3,3,2,2,2,3,2,4,3,4,56,58
2,4,3,1,3,3,2,3,2,3,3,3,2,3,1,3,3,3,3,3,4,57,43
2,2,1,2,0,1,1,1,1,1,1,0,0,1,1,1,2,1,0,0,1,20,26
1,1,3,1,1,1,1,3,1,0,1,1,1,1,0,2,0,2,2,1,1,25,29
3,3,2,3,3,4,4,4,3,4,4,4,4,4,3,1,4,4,4,3,3,71,69
1,1,1,1,3,0,0,0,1,2,0,1,0,2,1,3,0,1,1,1,1,21,23
2,1,3,4,2,2,3,4,3,3,2,3,2,3,2,1,1,3,3,3,3,53,61
2,3,1,3,3,2,3,2,3,2,2,3,3,3,2,3,2,2,4,1,4,53,54
2,3,3,4,3,4,3,3,3,3,4,2,2,3,3,3,3,2,3,2,2,60,63
2,3,3,4,3,4,3,4,2,3,3,2,4,3,3,4,3,3,4,4,2,66,67
3,2,3,3,3,3,4,4,3,4,3,2,3,3,4,4,3,3,2,2,3,64,65
3,3,2,4,4,3,4,4,3,3,4,3,3,4,4,3,3,4,4,3,4,72,70
3,0,1,1,0,1,1,3,3,0,0,2,1,2,1,2,1,0,2,1,1,26,36
2,3,3,3,3,3,3,3,3,3,3,2,3,4,3,2,3,2,4,3,3,61,62
3,3,3,4,2,4,2,4,3,1,1,2,3,2,3,3,4,3,4,2,3,59,67
3,2,1,2,1,2,2,3,1,2,1,3,3,4,3,3,3,2,3,3,2,49,54
3,3,3,4,4,3,2,4,3,4,4,3,3,4,4,4,4,4,3,3,2,71,65
3,4,2,4,2,3,3,3,3,3,2,3,2,4,4,4,3,4,3,2,3,64,65
4,3,4,3,4,4,2,2,4,3,2,3,3,2,2,2,3,4,2,3,3,62,56
2,0,1,0,4,1,1,2,1,1,1,0,1,1,2,0,2,1,0,0,1,22,27
2,1,2,3,1,2,2,2,2,3,1,2,2,2,3,2,2,2,2,1,4,43,46
2,1,1,4,2,2,2,0,2,3,2,3,3,2,2,1,2,2,1,2,2,41,38
3,2,2,3,2,2,2,1,2,3,2,4,2,1,2,2,2,0,3,1,2,43,47
0,1,2,1,1,2,2,2,3,2,1,1,1,2,1,2,2,2,1,1,0,30,29
3,4,3,3,3,3,3,3,3,3,4,4,4,3,3,4,4,4,3,4,4,72,62
2,3,4,3,3,1,3,2,4,3,2,3,3,3,2,4,3,2,4,4,2,60,51
3,4,3,2,4,3,3,1,2,1,1,1,4,2,1,2,2,0,3,1,2,45,45
4,4,2,1,3,4,4,2,1,2,3,3,3,2,4,3,4,2,4,3,3,61,64
3,2,1,4,4,3,4,3,3,4,1,4,3,3,2,2,2,2,3,3,3,59,64
2,1,1,1,1,1,2,1,2,2,1,1,1,0,1,1,2,1,0,1,1,24,26
3,3,3,3,3,3,4,3,4,2,3,2,3,3,3,3,2,4,3,2,3,62,64
1,2,1,2,1,2,0,2,1,2,1,1,1,2,1,0,0,1,1,1,0,23,28
3,2,1,3,2,1,3,3,2,4,4,2,3,3,4,3,3,3,3,2,4,58,61
0,0,2,0,0,0,1,2,1,2,2,2,4,1,1,1,1,2,2,0,0,24,25
0,1,3,0,0,1,0,2,1,3,1,0,1,0,2,0,0,2,1,1,0,19,26
3,1,3,3,2,3,3,2,3,3,3,3,3,2,3,2,4,3,3,4,2,58,60
2,3,1,3,1,2,2,3,3,2,3,2,3,4,1,3,1,3,0,3,2,47,39
1,1,1,1,1,2,1,1,2,1,0,1,2,2,1,2,1,2,3,0,1,27,30
0,2,4,4,2,2,0,1,1,2,3,4,2,3,2,2,2,1,1,1,1,40,26
2,1,3,0,2,1,3,1,1,1,2,3,1,2,2,4,1,3,2,3,1,39,34
3,3,4,3,3,3,3,1,4,4,3,3,3,3,3,2,4,2,3,2,3,62,57
3,3,2,4,3,2,2,3,2,2,3,3,4,3,3,2,3,4,3,1,3,58,61
1,2,2,3,3,3,1,2,2,3,3,4,3,4,2,2,3,2,2,3,3,53,40
2,3,2,1,1,2,3,2,2,3,1,1,2,2,2,2,3,1,3,3,3,44,43
0,2,0,1,2,1,3,1,2,2,1,2,1,0,1,2,1,1,0,0,0,23,27
2,2,2,1,1,3,3,3,3,3,3,1,3,3,2,3,2,2,3,2,3,50,50
4,1,3,3,4,3,3,1,4,3,3,1,2,2,3,2,3,3,3,0,3,54,60
1,1,2,2,3,1,0,2,2,1,0,1,0,0,2,2,1,0,1,2,1,25,28
0,1,1,1,3,1,0,2,1,1,1,1,1,1,2,2,0,1,0,2,3,25,25
1,3,2,3,2,3,4,3,4,4,3,2,4,3,4,4,4,3,4,3,3,66,64
1,4,4,2,1,3,2,2,2,2,1,1,2,2,1,2,2,2,2,1,2,41,39
3,3,4,2,2,4,2,1,1,2,3,4,2,2,4,3,3,4,3,3,3,58,56
2,1,1,1,3,4,2,2,3,1,2,2,2,1,2,1,2,3,2,2,3,42,42
2,4,0,2,3,3,3,3,3,2,3,1,3,2,3,1,3,4,4,3,4,56,60
3,4,3,2,3,3,3,1,3,3,2,1,2,1,2,2,2,1,2,2,2,47,46
3,4,4,4,4,4,2,3,3,4,3,4,2,4,3,3,4,2,2,4,3,69,62
1,2,1,0,1,2,1,3,2,0,2,1,2,1,2,4,1,2,1,1,2,32,31
1,0,2,1,2,0,1,1,1,1,2,0,1,2,1,0,2,1,1,2,1,23,25
3,2,2,4,2,3,3,3,1,2,3,3,1,4,3,3,4,0,2,3,3,54,62
3,3,3,3,3,2,4,4,3,3,1,4,4,3,3,2,4,2,3,4,4,65,64
0,0,1,1,1,1,2,2,2,1,2,3,1,1,1,0,1,0,0,2,2,24,26
1,2,1,3,2,2,2,1,2,2,2,3,2,1,3,3,2,2,2,2,3,43,40
3,1,2,2,1,4,3,1,1,2,3,3,1,2,2,3,3,2,2,2,2,45,49
3,3,3,3,4,3,2,3,4,3,1,3,1,3,4,3,3,4,3,3,3,62,62
3,2,4,3,1,4,1,1,3,2,3,3,2,3,3,3,3,3,2,4,4,57,49
4,3,2,4,3,3,3,3,1,3,3,3,4,4,4,3,3,3,3,3,4,66,67
3,1,3,4,3,2,3,2,3,3,3,2,3,2,3,3,3,3,3,2,2,56,61
4,3,4,4,4,4,3,4,4,4,3,4,4,2,4,2,3,4,4,1,4,73,72
3,3,4,3,3,4,4,4,4,3,4,3,3,3,3,4,4,3,4,3,3,72,69
2,4,3,3,3,4,4,4,4,3,2,4,4,4,4,4,4,2,4,3,3,72,69
1,2,1,2,2,0,0,2,2,1,0,1,1,0,1,1,2,1,3,1,2,26,27
4,4,3,4,3,4,3,2,3,4,4,4,4,4,4,4,2,4,3,3,3,73,66
3,2,3,3,1,2,3,1,2,2,3,2,1,2,2,2,1,2,3,3,2,45,50
3,2,3,4,3,4,3,3,3,4,3,3,3,3,4,3,3,3,3,4,3,67,67
3,4,3,3,4,2,3,4,4,3,4,3,3,4,4,3,3,3,3,3,2,68,64
2,0,2,2,1,1,1,1,1,1,2,2,0,2,1,2,3,2,2,2,0,30,30
2,1,2,1,1,1,3,2,1,1,1,1,2,2,1,1,1,1,1,1,2,29,33
3,2,3,3,2,3,3,2,4,1,4,3,2,3,4,2,3,4,3,2,4,60,62
3,1,1,3,1,0,2,1,2,2,0,3,3,3,2,3,2,2,4,2,1,41,43
2,3,4,4,3,4,3,4,2,3,4,3,3,3,3,4,3,4,4,3,3,69,67
3,3,4,3,4,4,3,3,4,4,4,2,3,4,3,4,3,3,2,4,4,71,62
2,0,2,0,1,2,1,1,0,1,2,0,0,3,0,1,1,0,0,1,2,20,0
3,2,3,3,3,2,3,2,3,3,2,4,1,3,2,3,3,3,3,3,2,56,54
1,3,2,2,1,3,1,2,4,3,2,3,2,3,3,1,3,2,3,4,2,50,42
3,3,3,4,4,3,3,3,4,4,3,2,2,3,3,3,3,4,4,3,3,67,65
1,2,3,2,2,1,2,2,3,2,1,1,1,2,4,1,3,3,2,2,2,42,39
1,2,2,2,1,1,1,1,1,1,1,1,3,1,1,2,1,1,1,2,1,28,27
4,3,3,3,3,2,2,3,3,4,4,3,4,4,3,3,3,3,4,2,3,66,62
3,0,1,3,3,1,1,1,3,3,2,1,2,3,4,2,2,2,0,2,1,40,37
2,3,2,4,4,2,4,2,1,1,2,2,3,2,3,1,4,3,3,2,1,51,61
4,4,2,3,4,3,3,3,2,3,3,1,2,2,3,3,4,2,1,3,3,58,60
3,3,4,3,3,4,1,3,3,2,3,3,2,4,2,4,4,4,2,4,2,63,53
1,3,1,1,3,1,0,3,1,1,1,1,2,2,3,1,2,1,2,2,2,34,31
2,4,4,4,4,2,2,3,3,4,3,4,3,3,3,2,3,3,4,3,3,66,61
1,2,1,2,1,2,2,2,1,2,0,1,1,1,1,1,2,2,1,0,1,27,33
2,2,2,3,3,2,3,4,4,3,2,2,2,3,2,3,1,4,2,2,4,55,54
2,2,2,2,0,1,1,0,0,2,2,1,0,1,1,2,0,1,2,0,1,23,28
2,1,0,1,1,1,1,0,0,3,2,1,2,1,3,1,2,1,1,4,2,30,28
1,0,3,1,2,0,0,1,3,1,2,1,2,0,1,1,1,1,1,2,1,25,24
1,1,0,2,1,1,1,1,2,1,1,1,2,1,1,0,2,1,1,1,1,23,27
4,3,3,3,4,4,3,3,4,4,3,3,3,4,4,4,3,4,4,3,4,74,68
4,4,4,4,2,3,3,4,3,4,3,3,4,4,3,4,1,2,4,4,4,71,69
4,3,3,4,4,3,4,4,3,4,3,3,2,3,2,2,3,4,3,4,4,69,67
3,2,3,3,3,1,3,2,2,3,2,1,2,1,0,2,2,2,2,3,2,44,42
3,3,4,2,4,3,3,2,3,1,3,4,3,2,2,3,4,2,3,3,2,59,53
4,3,4,3,4,3,3,2,3,3,3,3,4,3,2,2,3,3,3,2,2,62,60
3,3,3,3,3,4,3,3,3,3,2,2,4,3,3,3,4,4,4,2,4,66,65
1,1,1,1,2,1,1,1,1,2,0,1,2,1,1,3,0,2,1,0,1,24,26
3,4,4,2,3,4,3,4,4,3,3,3,3,4,2,4,2,4,3,4,3,69,62
4,3,3,4,3,4,4,2,3,2,3,3,4,3,3,4,3,2,3,3,4,67,66
0,1,0,1,0,1,1,0,4,1,1,2,1,2,1,2,2,1,1,1,2,25,24
3,2,3,3,3,2,3,3,2,1,4,3,4,4,3,2,2,4,2,3,2,58,57
4,3,3,4,3,4,4,1,4,4,3,3,3,3,3,3,2,4,4,3,4,69,66
4,3,3,4,4,4,3,3,4,4,4,3,3,2,4,2,2,4,4,4,2,70,70
3,1,3,1,2,2,3,2,3,3,2,3,3,1,2,4,2,1,3,3,2,49,46
2,2,1,2,2,1,1,0,2,1,2,1,1,2,1,1,2,1,2,1,1,29,28
4,4,4,4,4,3,4,3,4,3,4,4,4,2,4,4,4,4,3,3,3,76,69
3,4,1,2,3,4,3,2,1,3,4,4,2,4,3,2,1,2,3,3,3,57,60
3,1,2,3,2,1,3,2,3,1,2,2,2,3,2,4,2,2,3,2,3,48,51
4,3,4,2,3,3,2,2,3,3,4,2,3,4,1,2,2,3,2,4,3,59,46
3,2,3,2,3,2,3,1,1,4,1,1,2,2,2,3,2,2,2,3,2,46,43
3,3,4,4,4,3,3,2,3,4,3,4,4,3,3,3,4,4,1,4,4,70,56
2,2,3,2,2,2,2,1,1,1,2,3,1,2,1,2,3,3,3,3,3,44,39
1,3,1,0,2,2,2,1,0,1,2,0,1,3,3,1,2,1,1,1,2,30,30
0,2,1,2,2,2,1,1,4,2,1,1,2,2,1,3,1,3,2,2,1,36,28
1,0,1,1,1,0,2,0,1,1,1,3,1,1,0,1,2,1,2,1,2,23,25
3,0,2,0,1,1,0,1,3,2,2,0,1,2,2,1,0,2,1,1,3,28,27
2,1,3,2,2,3,3,3,3,3,1,3,3,2,3,3,3,1,2,1,2,49,53
2,3,1,1,0,2,1,3,1,1,2,1,1,1,1,2,1,2,2,0,2,30,36
4,3,2,4,1,1,2,3,1,2,1,2,1,3,3,2,3,2,1,4,3,48,54
4,3,3,2,2,3,2,4,3,3,2,3,3,4,4,3,4,3,3,2,4,64,64
2,3,2,2,1,1,1,2,2,3,1,3,0,1,2,3,0,2,3,0,2,36,38
4,2,2,1,2,3,3,4,3,3,2,2,3,2,3,3,3,3,3,4,3,58,62
2,2,3,1,1,1,3,2,3,2,1,3,1,0,3,3,2,2,2,3,0,40,40
4,3,3,4,2,3,1,3,4,2,2,3,2,4,2,2,3,2,3,3,3,58,60
3,2,3,3,4,2,3,4,3,4,2,4,3,1,3,2,2,3,4,3,2,60,64
3,1,2,2,4,1,1,2,2,1,1,1,1,2,1,1,1,1,2,2,1,33,36
1,3,0,3,2,1,3,2,3,1,2,2,1,3,2,3,1,2,1,4,2,42,39
2,1,1,2,2,1,1,3,3,1,1,3,3,0,2,1,1,2,1,0,0,31,36
2,3,2,0,2,3,2,3,2,3,4,4,2,3,4,3,3,2,1,0,1,49,42
1,1,3,1,2,4,2,2,2,1,3,2,2,2,3,2,2,2,3,2,1,43,45
4,1,1,2,2,4,4,3,3,2,3,3,1,3,4,4,3,2,3,3,4,59,67
3,3,3,4,3,4,4,4,4,3,4,3,2,3,3,1,3,4,1,3,3,65,65
3,4,4,4,3,4,3,4,4,4,4,3,3,4,3,3,3,3,3,3,3,72,67
3,2,4,4,2,3,3,3,3,4,4,4,2,4,2,3,3,3,3,4,4,67,62
2,1,3,3,2,1,3,2,1,2,1,2,2,2,2,2,1,2,3,1,2,40,47
3,3,3,2,4,4,2,4,4,3,4,2,3,4,3,4,3,3,4,3,4,69,63
4,2,4,4,4,4,3,3,4,4,2,3,3,4,4,2,3,4,4,4,3,72,70
2,2,3,3,2,3,3,2,3,2,3,4,2,3,3,3,2,2,2,3,2,54,53
3,3,3,4,2,4,3,3,3,4,4,3,1,4,3,4,3,4,3,3,4,68,65
3,3,4,4,3,4,4,3,4,3,4,4,3,4,3,3,3,4,4,3,4,74,68
1,1,0,1,1,2,1,1,1,1,2,2,3,2,2,0,1,0,1,2,1,26,28
2,1,1,2,1,1,1,1,2,0,3,1,2,1,1,2,1,2,1,2,1,29,28
1,1,3,1,1,1,2,3,2,1,1,3,1,1,0,1,2,2,0,0,2,29,27
3,4,4,2,4,4,4,3,4,3,3,3,4,4,4,2,3,3,3,3,3,70,65
2,3,3,4,3,2,3,3,2,3,2,2,2,3,2,2,4,3,4,1,3,56,61
4,3,3,4,3,3,4,4,3,4,4,4,4,3,3,4,4,3,3,3,3,73,69
2,3,4,2,2,4,2,2,1,3,1,3,2,1,2,2,2,2,2,4,4,50,45
2,3,1,3,2,2,2,3,2,2,1,1,1,1,2,3,2,1,0,1,2,37,40
3,4,3,3,4,4,2,4,2,3,3,4,4,1,3,2,3,4,2,4,3,65,62
3,3,2,4,3,4,2,2,3,3,3,4,1,1,2,4,4,3,3,3,2,59,60
3,4,2,3,3,1,3,3,2,2,4,3,3,4,1,4,3,3,3,2,3,59,51
3,1,2,2,3,1,1,4,2,2,3,3,3,3,3,4,4,3,3,2,3,55,50
4,4,2,3,1,3,4,3,3,2,4,3,2,4,3,1,3,4,3,2,2,60,65
3,3,1,2,1,3,4,3,3,1,2,3,1,3,2,4,1,3,2,2,4,51,56
4,4,2,1,3,3,2,3,3,2,3,3,2,2,2,3,1,3,3,2,3,54,53
1,1,3,1,3,1,1,1,1,2,1,0,2,2,2,2,1,3,1,1,0,30,27
2,0,0,3,3,2,3,4,1,2,3,1,3,1,2,3,3,2,2,0,2,42,54
3,1,3,1,0,3,3,4,2,3,1,3,2,1,1,2,1,3,2,2,3,44,50
1,2,1,2,2,1,1,2,1,2,2,2,2,2,2,2,0,0,0,2,0,29,29
3,2,2,3,4,2,3,3,3,3,1,3,4,3,2,3,2,3,4,3,3,59,60
1,3,1,2,0,1,2,2,2,2,3,2,2,1,3,0,4,2,3,2,3,41,40
2,1,1,2,2,3,1,2,1,2,3,0,1,3,3,2,1,2,3,2,1,38,45
3,3,0,3,3,3,2,1,2,0,1,1,3,2,3,2,1,1,1,3,2,40,46
4,3,3,3,3,1,4,4,4,4,4,3,4,4,3,4,4,3,3,4,3,72,64
3,3,4,2,3,2,3,4,2,4,3,4,3,3,3,3,3,2,1,3,4,62,53
3,4,1,3,3,4,3,4,4,4,3,3,4,3,4,0,4,4,3,3,3,67,67
2,1,2,1,2,2,2,1,2,3,3,1,4,1,2,3,2,3,2,2,3,44,36
2,3,2,2,3,2,1,3,1,2,1,3,2,2,1,2,1,0,2,2,3,40,38
3,4,4,2,3,3,4,3,4,2,2,4,4,4,3,4,3,4,4,2,4,70,63
2,4,4,3,4,4,3,2,2,4,4,3,4,3,3,3,4,3,2,2,2,65,56
2,1,3,2,2,1,1,1,0,1,1,1,1,1,2,1,2,1,2,1,1,28,32
3,3,2,3,3,3,3,1,3,2,2,2,3,2,1,3,2,4,3,2,3,53,50
2,1,1,3,2,3,2,2,2,2,2,3,3,1,2,2,2,2,3,3,3,46,50
3,2,2,4,3,3,2,2,3,4,2,3,3,4,3,3,4,2,3,2,3,60,60
0,1,2,3,1,2,2,1,1,1,1,2,3,3,1,1,1,1,3,1,1,32,36
3,2,2,2,3,2,2,2,3,1,1,2,2,2,3,1,1,3,2,1,2,42,45
3,3,4,3,3,4,3,4,3,4,3,3,3,3,2,3,3,3,1,4,2,64,59
0,2,1,2,2,1,0,0,1,1,1,1,1,0,1,2,1,2,1,1,3,24,23
3,2,2,2,3,1,3,2,0,3,1,3,2,2,2,3,2,1,4,2,2,45,50
2,3,3,4,3,2,3,2,3,1,3,3,2,3,3,4,2,2,2,2,3,55,54
2,3,2,1,1,2,0,0,1,0,0,0,2,1,2,1,2,1,1,1,1,24,26
4,3,4,4,4,4,3,4,2,4,4,3,2,3,3,2,2,4,4,4,4,71,70
3,4,2,2,4,3,3,3,4,3,4,3,3,2,4,3,4,3,4,4,3,68,64
3,2,2,3,1,3,3,2,1,2,2,1,0,1,3,1,2,2,2,3,2,41,57
4,3,2,4,2,2,1,3,2,2,2,3,3,1,2,2,3,3,0,3,4,51,46
3,2,2,2,1,1,1,2,1,1,3,3,1,2,3,2,2,4,3,2,0,41,42
2,3,4,3,3,4,4,4,3,3,4,4,4,3,4,3,2,2,4,3,3,69,69
2,1,3,2,3,1,2,1,1,3,2,1,2,2,3,1,3,1,3,3,2,42,40
4,4,3,2,4,4,4,4,4,3,4,4,4,3,3,4,4,3,4,4,3,76,68
2,2,3,2,3,2,1,2,1,3,2,2,2,1,3,3,4,2,3,3,2,48,42
1,2,3,2,4,1,4,2,3,4,4,3,1,1,2,1,1,3,2,4,2,50,41
2,3,1,3,2,2,2,2,2,0,3,1,3,2,1,2,3,2,1,1,4,42,39
2,3,3,2,2,1,1,1,2,2,4,2,1,2,3,2,2,1,3,2,1,42,38
1,1,1,3,2,1,1,3,2,1,2,4,2,2,0,3,1,1,2,2,1,36,33
3,4,3,4,2,3,3,3,3,4,3,3,4,3,4,2,2,1,3,3,4,64,65
1,3,2,2,1,3,1,2,0,1,1,1,1,0,1,3,1,1,0,0,2,27,30
3,3,3,4,4,3,3,3,4,4,4,4,4,3,4,3,2,4,4,4,4,74,67
3,2,4,3,2,3,2,3,3,3,4,3,4,3,4,3,2,2,3,4,2,62,62
2,1,2,1,2,1,0,1,1,0,2,0,2,0,3,0,0,0,1,2,2,23,28
1,1,0,2,2,1,1,0,1,3,1,2,2,1,2,1,2,0,2,1,0,26,28
2,1,1,4,2,1,1,2,3,1,1,2,2,0,2,3,2,2,2,2,2,38,41
2,1,2,0,1,2,2,1,2,2,0,2,1,3,2,3,3,1,1,1,2,34,30
3,3,4,3,1,3,3,4,3,4,2,4,3,3,3,2,2,3,3,3,1,60,64
3,4,2,3,2,3,1,2,3,4,3,3,2,4,4,3,2,2,2,1,2,55,53
0,1,2,2,1,2,2,1,2,0,1,1,0,1,1,2,2,2,0,1,0,24,27
3,3,1,2,4,1,3,4,4,3,2,4,3,3,2,3,2,3,2,2,3,57,50
3,4,2,3,2,2,3,3,4,1,4,3,3,3,4,3,4,3,3,3,2,62,62
3,2,2,4,3,3,3,4,4,4,3,3,3,2,3,3,3,4,3,3,4,66,65
2,1,1,1,1,3,3,2,1,3,0,1,1,1,1,2,1,1,2,0,3,31,40
3,2,2,3,4,4,3,4,2,2,3,2,0,4,4,2,2,2,2,3,3,56,65
3,3,2,4,2,4,4,3,4,2,3,2,1,3,4,3,2,4,3,3,4,63,68
1,2,2,0,1,1,1,0,2,1,1,2,1,1,0,2,1,1,0,1,1,22,0
2,2,2,2,4,2,3,3,2,4,3,3,3,3,2,2,2,3,4,2,4,57,54
3,3,3,3,3,2,3,2,4,3,3,2,2,3,4,1,3,2,3,2,2,56,60
2,1,0,2,1,1,2,1,3,1,2,2,1,2,0,0,3,1,1,1,0,27,28
1,3,1,1,1,3,1,1,2,3,1,1,0,1,1,2,1,1,1,1,1,28,27
3,3,3,3,2,3,2,2,1,4,3,1,3,4,2,1,4,1,4,1,3,53,58
1,2,1,1,2,2,1,2,1,2,0,1,2,2,1,0,2,0,1,1,1,26,29
2,1,3,0,1,0,0,0,2,3,3,2,1,2,2,2,1,1,1,1,1,29,24
1,0,0,0,1,0,2,1,1,1,3,2,1,1,0,0,2,1,0,2,2,21,0
3,3,2,3,1,2,2,1,3,2,2,2,2,2,2,4,1,2,1,1,0,41,40
2,1,1,2,2,3,2,4,2,2,2,0,2,2,2,0,2,1,3,1,1,37,54
2,3,3,3,3,2,3,4,3,2,1,3,1,0,4,2,1,2,1,2,3,48,57
4,4,4,1,2,3,2,3,4,2,4,4,3,3,2,3,3,2,3,3,1,60,53
3,3,4,3,4,3,3,4,3,3,3,4,2,3,4,4,3,3,2,4,3,68,64
3,4,4,2,3,3,4,4,3,4,3,3,4,4,2,4,3,2,3,3,3,68,62
1,1,0,2,1,2,2,2,0,2,1,0,1,2,2,0,2,1,0,0,1,23,33
1,1,1,2,1,2,1,1,1,1,1,2,3,1,2,2,0,2,1,1,1,28,30
0,2,0,1,1,1,2,1,1,1,1,0,2,0,1,1,1,3,2,2,0,23,27
4,4,4,2,4,3,3,3,4,4,3,3,4,4,4,3,3,4,3,3,3,72,63
0,0,2,1,1,1,2,1,1,1,1,1,1,2,2,0,0,2,2,2,0,23,28
3,2,2,3,3,1,2,3,2,4,4,3,2,3,2,4,3,3,4,4,3,60,55
2,1,2,3,0,4,2,3,2,1,2,2,2,3,1,2,3,3,3,1,3,45,54
2,2,4,4,3,4,4,3,3,3,3,1,2,1,3,3,3,2,3,4,2,59,65
1,0,1,2,0,1,2,2,2,1,1,2,3,2,2,1,2,1,1,0,0,27,33
3,3,4,4,4,4,3,3,2,2,3,4,2,4,3,4,4,4,4,4,3,71,67
3,3,4,3,2,3,3,3,3,3,3,3,2,2,2,1,2,4,4,2,3,58,62
0,2,3,2,1,1,1,2,3,2,3,0,2,2,1,2,2,2,1,0,1,33,27
1,1,1,3,2,1,1,2,2,1,2,1,2,1,0,1,0,0,1,1,2,26,29
3,2,4,3,4,2,2,3,3,2,3,3,4,4,3,3,2,2,1,2,3,58,49
2,1,2,4,2,1,2,3,4,2,1,3,2,3,2,3,2,0,3,1,3,46,51
4,1,3,3,3,2,3,1,3,2,2,2,1,2,2,3,1,2,4,2,2,48,57
4,0,2,2,3,2,1,1,1,2,3,0,2,1,0,2,2,1,3,3,1,36,38
2,2,2,3,4,3,3,2,3,2,3,4,2,3,3,3,2,1,3,3,3,56,57
1,2,1,3,0,3,0,0,1,2,2,0,0,2,1,2,2,1,2,2,1,28,29
1,1,1,2,2,1,2,1,2,4,2,2,3,1,1,2,3,1,3,2,2,39,33
3,4,3,3,4,4,3,4,3,4,4,4,2,3,3,4,3,3,4,4,2,71,67
1,0,2,2,2,1,1,2,1,1,3,4,3,2,2,2,1,2,2,3,1,38,33
1,3,3,3,3,4,4,3,2,3,3,3,3,3,3,4,2,3,4,4,3,64,64
1,1,2,1,2,2,4,3,2,2,2,2,1,1,2,2,3,2,2,2,2,41,43
2,3,2,1,1,2,2,2,2,3,2,2,2,3,2,2,2,2,2,1,1,41,39
1,0,2,0,2,1,2,2,2,3,1,1,2,3,1,2,0,2,0,1,1,29,26
3,4,4,2,3,4,4,1,1,3,1,4,3,3,3,3,4,2,3,2,2,59,58
2,1,1,4,1,1,0,1,1,2,0,2,2,1,2,2,1,1,2,2,1,30,34
4,2,4,3,4,3,3,3,4,3,3,4,2,3,4,3,2,3,4,3,3,67,67
3,3,3,3,3,3,3,3,4,4,4,4,3,3,3,4,3,4,4,3,3,70,64
2,3,2,4,3,4,3,4,3,3,3,3,2,1,4,3,3,3,2,4,4,63,65
3,1,1,2,3,3,0,2,2,0,2,0,2,1,3,3,3,2,2,4,2,41,42
1,2,2,3,3,0,2,1,1,2,2,2,3,2,2,1,2,2,2,1,0,36,32
2,3,3,4,2,4,3,3,2,2,2,2,2,3,2,2,4,3,2,2,2,54,60
3,1,3,3,2,2,2,3,2,2,3,3,3,3,3,2,4,2,2,3,3,54,53
1,2,3,3,3,3,2,1,2,2,3,3,2,2,2,3,2,3,1,1,3,47,38
2,3,4,2,4,3,4,3,2,3,4,3,2,3,3,3,2,3,4,2,2,61,62
3,3,3,3,3,4,2,3,4,2,3,4,2,4,3,2,2,3,3,3,4,63,62
3,2,3,4,3,3,3,4,4,4,2,3,4,3,2,3,3,3,3,4,3,66,64
2,3,1,1,2,2,1,2,2,1,3,1,3,0,3,2,2,0,2,3,3,39,38
4,3,2,2,1,2,0,3,3,1,4,2,2,1,2,1,3,3,2,3,3,47,43
3,4,3,4,4,3,3,2,4,2,4,2,3,3,3,3,4,3,3,3,3,66,62
3,4,3,1,3,2,1,2,3,3,1,2,3,2,1,1,1,2,2,2,2,44,36
3,3,3,1,1,1,2,0,1,2,3,2,0,0,0,2,3,2,2,1,2,34,29
